identifiant;fournisseur;zone_disponibilite;nom;code_region;ville;zone_disponibilite_em
us-east-1;AWS;Amérique du Nord;US East (N. Virginia);US-VA;Ashburn;('CA-ON','CA-QC','CR','NI','PA','US-CAL-BANC','US-CAL-CISO','US-CAL-IID','US-CAL-LDWP','US-CAL-TIDC','US-CAR-CPLE','US-CAR-CPLW','US-CAR-DUK','US-CAR-SC','US-CAR-SCEG','US-CAR-YAD','US-CENT-SPA','US-CENT-SWPP','US-FLA-FMPP','US-FLA-FPC','US-FLA-FPL','US-FLA-GVL','US-FLA-JEA','US-FLA-SEC','US-FLA-TAL','US-FLA-TEC','US-HI-OA','US-MIDA-PJM','US-MIDW-AECI','US-MIDW-LGEE','US-MIDW-MISO','US-NE-ISNE','US-NW-AVA','US-NW-BPAT','US-NW-CHPD','US-NW-DOPD','US-NW-GCPD','US-NW-GRID','US-NW-IPCO','US-NW-NEVP','US-NW-NWMT','US-NW-PACE','US-NW-PACW','US-NW-PGE','US-NW-PSCO','US-NW-PSEI','US-NW-SCL','US-NW-TPWR','US-NW-WACM','US-NW-WAUW','US-NY-NYIS','US-SE-SOCO','US-SW-AZPS','US-SW-EPE','US-SW-PNM','US-SW-SRP','US-SW-TEPC','US-SW-WALC','US-TEN-TVA','US-TEX-ERCO')
us-east-2;AWS;Amérique du Nord;US East (Ohio);US-OH;Columbus;('CA-ON','CA-QC','CR','NI','PA','US-CAL-BANC','US-CAL-CISO','US-CAL-IID','US-CAL-LDWP','US-CAL-TIDC','US-CAR-CPLE','US-CAR-CPLW','US-CAR-DUK','US-CAR-SC','US-CAR-SCEG','US-CAR-YAD','US-CENT-SPA','US-CENT-SWPP','US-FLA-FMPP','US-FLA-FPC','US-FLA-FPL','US-FLA-GVL','US-FLA-JEA','US-FLA-SEC','US-FLA-TAL','US-FLA-TEC','US-HI-OA','US-MIDA-PJM','US-MIDW-AECI','US-MIDW-LGEE','US-MIDW-MISO','US-NE-ISNE','US-NW-AVA','US-NW-BPAT','US-NW-CHPD','US-NW-DOPD','US-NW-GCPD','US-NW-GRID','US-NW-IPCO','US-NW-NEVP','US-NW-NWMT','US-NW-PACE','US-NW-PACW','US-NW-PGE','US-NW-PSCO','US-NW-PSEI','US-NW-SCL','US-NW-TPWR','US-NW-WACM','US-NW-WAUW','US-NY-NYIS','US-SE-SOCO','US-SW-AZPS','US-SW-EPE','US-SW-PNM','US-SW-SRP','US-SW-TEPC','US-SW-WALC','US-TEN-TVA','US-TEX-ERCO')
us-west-1;AWS;Amérique du Nord;US West (N. California);US-CA;Palo Alto;('CA-ON','CA-QC','CR','NI','PA','US-CAL-BANC','US-CAL-CISO','US-CAL-IID','US-CAL-LDWP','US-CAL-TIDC','US-CAR-CPLE','US-CAR-CPLW','US-CAR-DUK','US-CAR-SC','US-CAR-SCEG','US-CAR-YAD','US-CENT-SPA','US-CENT-SWPP','US-FLA-FMPP','US-FLA-FPC','US-FLA-FPL','US-FLA-GVL','US-FLA-JEA','US-FLA-SEC','US-FLA-TAL','US-FLA-TEC','US-HI-OA','US-MIDA-PJM','US-MIDW-AECI','US-MIDW-LGEE','US-MIDW-MISO','US-NE-ISNE','US-NW-AVA','US-NW-BPAT','US-NW-CHPD','US-NW-DOPD','US-NW-GCPD','US-NW-GRID','US-NW-IPCO','US-NW-NEVP','US-NW-NWMT','US-NW-PACE','US-NW-PACW','US-NW-PGE','US-NW-PSCO','US-NW-PSEI','US-NW-SCL','US-NW-TPWR','US-NW-WACM','US-NW-WAUW','US-NY-NYIS','US-SE-SOCO','US-SW-AZPS','US-SW-EPE','US-SW-PNM','US-SW-SRP','US-SW-TEPC','US-SW-WALC','US-TEN-TVA','US-TEX-ERCO')
us-west-2;AWS;Amérique du Nord;US West (Oregon);US-OR;Hillsboro;('CA-ON','CA-QC','CR','NI','PA','US-CAL-BANC','US-CAL-CISO','US-CAL-IID','US-CAL-LDWP','US-CAL-TIDC','US-CAR-CPLE','US-CAR-CPLW','US-CAR-DUK','US-CAR-SC','US-CAR-SCEG','US-CAR-YAD','US-CENT-SPA','US-CENT-SWPP','US-FLA-FMPP','US-FLA-FPC','US-FLA-FPL','US-FLA-GVL','US-FLA-JEA','US-FLA-SEC','US-FLA-TAL','US-FLA-TEC','US-HI-OA','US-MIDA-PJM','US-MIDW-AECI','US-MIDW-LGEE','US-MIDW-MISO','US-NE-ISNE','US-NW-AVA','US-NW-BPAT','US-NW-CHPD','US-NW-DOPD','US-NW-GCPD','US-NW-GRID','US-NW-IPCO','US-NW-NEVP','US-NW-NWMT','US-NW-PACE','US-NW-PACW','US-NW-PGE','US-NW-PSCO','US-NW-PSEI','US-NW-SCL','US-NW-TPWR','US-NW-WACM','US-NW-WAUW','US-NY-NYIS','US-SE-SOCO','US-SW-AZPS','US-SW-EPE','US-SW-PNM','US-SW-SRP','US-SW-TEPC','US-SW-WALC','US-TEN-TVA','US-TEX-ERCO')
ca-central-1;AWS;Amérique du Nord;Canada (Central);CA-QC;Montréal;('CA-ON','CA-QC','CR','NI','PA','US-CAL-BANC','US-CAL-CISO','US-CAL-IID','US-CAL-LDWP','US-CAL-TIDC','US-CAR-CPLE','US-CAR-CPLW','US-CAR-DUK','US-CAR-SC','US-CAR-SCEG','US-CAR-YAD','US-CENT-SPA','US-CENT-SWPP','US-FLA-FMPP','US-FLA-FPC','US-FLA-FPL','US-FLA-GVL','US-FLA-JEA','US-FLA-SEC','US-FLA-TAL','US-FLA-TEC','US-HI-OA','US-MIDA-PJM','US-MIDW-AECI','US-MIDW-LGEE','US-MIDW-MISO','US-NE-ISNE','US-NW-AVA','US-NW-BPAT','US-NW-CHPD','US-NW-DOPD','US-NW-GCPD','US-NW-GRID','US-NW-IPCO','US-NW-NEVP','US-NW-NWMT','US-NW-PACE','US-NW-PACW','US-NW-PGE','US-NW-PSCO','US-NW-PSEI','US-NW-SCL','US-NW-TPWR','US-NW-WACM','US-NW-WAUW','US-NY-NYIS','US-SE-SOCO','US-SW-AZPS','US-SW-EPE','US-SW-PNM','US-SW-SRP','US-SW-TEPC','US-SW-WALC','US-TEN-TVA','US-TEX-ERCO')
sa-east-1;AWS;Amérique du Sud;South America (São Paulo);BR-SP;São Paulo;('BR-CS','BR-N','BR-NE','BR-S','CL-SEN','PE','UY')
eu-central-1;AWS;Europe;Europe (Frankfurt);DE-HE;Francfort;('AT','BA','BE','BG','CH','CY','CZ','DE','DK-BHM','DK-DK1','DK-DK2','EE','ES','FI','FR','GB','GB-NIR','GR','HR','HU','IE','IS','IT-CNO','IT-CSO','IT-NO','IT-SAR','IT-SIC','IT-SO','LT','LU','LV','NL','NO-NO1','NO-NO2','NO-NO3','NO-NO4','NO-NO5','PL','PT','RO','RS','SE-SE1','SE-SE2','SE-SE3','SE-SE4','SI','SK','TR')
eu-central-2;AWS;Europe;Europe (Zurich);CH-ZH;Zurich;('AT','BA','BE','BG','CH','CY','CZ','DE','DK-BHM','DK-DK1','DK-DK2','EE','ES','FI','FR','GB','GB-NIR','GR','HR','HU','IE','IS','IT-CNO','IT-CSO','IT-NO','IT-SAR','IT-SIC','IT-SO','LT','LU','LV','NL','NO-NO1','NO-NO2','NO-NO3','NO-NO4','NO-NO5','PL','PT','RO','RS','SE-SE1','SE-SE2','SE-SE3','SE-SE4','SI','SK','TR')
eu-west-1;AWS;Europe;Europe (Ireland);IE-D;Dublin;('AT','BA','BE','BG','CH','CY','CZ','DE','DK-BHM','DK-DK1','DK-DK2','EE','ES','FI','FR','GB','GB-NIR','GR','HR','HU','IE','IS','IT-CNO','IT-CSO','IT-NO','IT-SAR','IT-SIC','IT-SO','LT','LU','LV','NL','NO-NO1','NO-NO2','NO-NO3','NO-NO4','NO-NO5','PL','PT','RO','RS','SE-SE1','SE-SE2','SE-SE3','SE-SE4','SI','SK','TR')
eu-west-2;AWS;Europe;Europe (London);GB-ENG;Londres;('AT','BA','BE','BG','CH','CY','CZ','DE','DK-BHM','DK-DK1','DK-DK2','EE','ES','FI','FR','GB','GB-NIR','GR','HR','HU','IE','IS','IT-CNO','IT-CSO','IT-NO','IT-SAR','IT-SIC','IT-SO','LT','LU','LV','NL','NO-NO1','NO-NO2','NO-NO3','NO-NO4','NO-NO5','PL','PT','RO','RS','SE-SE1','SE-SE2','SE-SE3','SE-SE4','SI','SK','TR')
eu-west-3;AWS;Europe;Europe (Paris);FR-IDF;Paris;('AT','BA','BE','BG','CH','CY','CZ','DE','DK-BHM','DK-DK1','DK-DK2','EE','ES','FI','FR','GB','GB-NIR','GR','HR','HU','IE','IS','IT-CNO','IT-CSO','IT-NO','IT-SAR','IT-SIC','IT-SO','LT','LU','LV','NL','NO-NO1','NO-NO2','NO-NO3','NO-NO4','NO-NO5','PL','PT','RO','RS','SE-SE1','SE-SE2','SE-SE3','SE-SE4','SI','SK','TR')
eu-north-1;AWS;Europe;Europe (Stockholm);SE-AB;Stockholm;('AT','BA','BE','BG','CH','CY','CZ','DE','DK-BHM','DK-DK1','DK-DK2','EE','ES','FI','FR','GB','GB-NIR','GR','HR','HU','IE','IS','IT-CNO','IT-CSO','IT-NO','IT-SAR','IT-SIC','IT-SO','LT','LU','LV','NL','NO-NO1','NO-NO2','NO-NO3','NO-NO4','NO-NO5','PL','PT','RO','RS','SE-SE1','SE-SE2','SE-SE3','SE-SE4','SI','SK','TR')
eu-south-1;AWS;Europe;Europe (Milan);IT-25;Milan;('AT','BA','BE','BG','CH','CY','CZ','DE','DK-BHM','DK-DK1','DK-DK2','EE','ES','FI','FR','GB','GB-NIR','GR','HR','HU','IE','IS','IT-CNO','IT-CSO','IT-NO','IT-SAR','IT-SIC','IT-SO','LT','LU','LV','NL','NO-NO1','NO-NO2','NO-NO3','NO-NO4','NO-NO5','PL','PT','RO','RS','SE-SE1','SE-SE2','SE-SE3','SE-SE4','SI','SK','TR')
eu-south-2;AWS;Europe;Europe (Spain);ES-M;Madrid;('AT','BA','BE','BG','CH','CY','CZ','DE','DK-BHM','DK-DK1','DK-DK2','EE','ES','FI','FR','GB','GB-NIR','GR','HR','HU','IE','IS','IT-CNO','IT-CSO','IT-NO','IT-SAR','IT-SIC','IT-SO','LT','LU','LV','NL','NO-NO1','NO-NO2','NO-NO3','NO-NO4','NO-NO5','PL','PT','RO','RS','SE-SE1','SE-SE2','SE-SE3','SE-SE4','SI','SK','TR')
me-south-1;AWS;Moyen Orient;Middle East (Bahrain);BH-13;Manama;('IL')
me-central-1;AWS;Moyen Orient;Middle East (UAE);AE-DU;Dubai;('IL')
il-central-1;AWS;Moyen Orient;Israel (Tel Aviv);IL-TA;Tel Aviv;('IL')
af-south-1;AWS;Afrique;Africa (Cape Town);ZA-WC;Cape Town;('ZA')
ap-east-1;AWS;Asie-Pacifique;Asia Pacific (Hong Kong);CN-HK;Hong Kong;('HK','ID','IN-NO','IN-WE','JP-KN','JP-TK','KR','SG','TR','TW')
ap-south-1;AWS;Asie-Pacifique;Asia Pacific (Mumbai);IN-MH;Mumbai;('HK','ID','IN-NO','IN-WE','JP-KN','JP-TK','KR','SG','TR','TW')
ap-south-2;AWS;Asie-Pacifique;Asia Pacific (Hyderabad);IN-TG;Hyderabad;('HK','ID','IN-NO','IN-WE','JP-KN','JP-TK','KR','SG','TR','TW')
ap-southeast-1;AWS;Asie-Pacifique;Asia Pacific (Singapore);SG-01;Singapour;('HK','ID','IN-NO','IN-WE','JP-KN','JP-TK','KR','SG','TR','TW')
ap-southeast-2;AWS;Australie et Nouvelle-Zélande;Asia Pacific (Sydney);AU-NSW;Sydney;('AU-NSW','AU-NT','AU-QLD','AU-SA','AU-TAS','AU-VIC','AU-WA','NZ')
ap-southeast-3;AWS;Asie-Pacifique;Asia Pacific (Jakarta);ID-JW;Jakarta;('HK','ID','IN-NO','IN-WE','JP-KN','JP-TK','KR','SG','TR','TW')
ap-southeast-4;AWS;Australie et Nouvelle-Zélande;Asia Pacific (Melbourne);AU-VIC;Melbourne;('AU-NSW','AU-NT','AU-QLD','AU-SA','AU-TAS','AU-VIC','AU-WA','NZ')
ap-northeast-1;AWS;Asie-Pacifique;Asia Pacific (Tokyo);JP-13;Tokyo;('HK','ID','IN-NO','IN-WE','JP-KN','JP-TK','KR','SG','TR','TW')
ap-northeast-2;AWS;Asie-Pacifique;Asia Pacific (Seoul);KR-11;Séoul;('HK','ID','IN-NO','IN-WE','JP-KN','JP-TK','KR','SG','TR','TW')
ap-northeast-3;AWS;Asie-Pacifique;Asia Pacific (Osaka);JP-27;Osaka;('HK','ID','IN-NO','IN-WE','JP-KN','JP-TK','KR','SG','TR','TW')
asia-east1-a;GCP;APAC;Comté de Changhua, Taïwan, APAC;TW-CHA;Changhua;('HK','ID','IN-NO','IN-WE','JP-KN','JP-TK','KR','SG','TR','TW')
asia-east1-b;GCP;APAC;Comté de Changhua, Taïwan, APAC;TW-CHA;Changhua;('HK','ID','IN-NO','IN-WE','JP-KN','JP-TK','KR','SG','TR','TW')
asia-east1-c;GCP;APAC;Comté de Changhua, Taïwan, APAC;TW-CHA;Changhua;('HK','ID','IN-NO','IN-WE','JP-KN','JP-TK','KR','SG','TR','TW')
asia-east2-a;GCP;APAC;Hong Kong, APAC;CN-HK;Hong Kong;('HK','ID','IN-NO','IN-WE','JP-KN','JP-TK','KR','SG','TR','TW')
asia-east2-b;GCP;APAC;Hong Kong, APAC;CN-HK;Hong Kong;('HK','ID','IN-NO','IN-WE','JP-KN','JP-TK','KR','SG','TR','TW')
asia-east2-c;GCP;APAC;Hong Kong, APAC;CN-HK;Hong Kong;('HK','ID','IN-NO','IN-WE','JP-KN','JP-TK','KR','SG','TR','TW')
asia-northeast1-a;GCP;APAC;Tokyo, Japon, APAC;JP-13;Tokyo;('HK','ID','IN-NO','IN-WE','JP-KN','JP-TK','KR','SG','TR','TW')
asia-northeast1-b;GCP;APAC;Tokyo, Japon, APAC;JP-13;Tokyo;('HK','ID','IN-NO','IN-WE','JP-KN','JP-TK','KR','SG','TR','TW')
asia-northeast1-c;GCP;APAC;Tokyo, Japon, APAC;JP-13;Tokyo;('HK','ID','IN-NO','IN-WE','JP-KN','JP-TK','KR','SG','TR','TW')
asia-northeast2-a;GCP;APAC;Osaka, Japon, APAC;JP-27;Osaka;('HK','ID','IN-NO','IN-WE','JP-KN','JP-TK','KR','SG','TR','TW')
asia-northeast2-b;GCP;APAC;Osaka, Japon, APAC;JP-27;Osaka;('HK','ID','IN-NO','IN-WE','JP-KN','JP-TK','KR','SG','TR','TW')
asia-northeast2-c;GCP;APAC;Osaka, Japon, APAC;JP-27;Osaka;('HK','ID','IN-NO','IN-WE','JP-KN','JP-TK','KR','SG','TR','TW')
asia-northeast3-a;GCP;APAC;Séoul, Corée du Sud, APAC;KR-11;Séoul;('HK','ID','IN-NO','IN-WE','JP-KN','JP-TK','KR','SG','TR','TW')
asia-northeast3-b;GCP;APAC;Séoul, Corée du Sud, APAC;KR-11;Séoul;('HK','ID','IN-NO','IN-WE','JP-KN','JP-TK','KR','SG','TR','TW')
asia-northeast3-c;GCP;APAC;Séoul, Corée du Sud, APAC;KR-11;Séoul;('HK','ID','IN-NO','IN-WE','JP-KN','JP-TK','KR','SG','TR','TW')
asia-south1-a;GCP;APAC;Mumbai, Inde, APAC;IN-MH;Mumbai;('HK','ID','IN-NO','IN-WE','JP-KN','JP-TK','KR','SG','TR','TW')
asia-south1-b;GCP;APAC;Mumbai, Inde, APAC;IN-MH;Mumbai;('HK','ID','IN-NO','IN-WE','JP-KN','JP-TK','KR','SG','TR','TW')
asia-south1-c;GCP;APAC;Mumbai, Inde, APAC;IN-MH;Mumbai;('HK','ID','IN-NO','IN-WE','JP-KN','JP-TK','KR','SG','TR','TW')
asia-south2-a;GCP;APAC;Delhi, Inde, APAC;IN-DL;New Delhi;('HK','ID','IN-NO','IN-WE','JP-KN','JP-TK','KR','SG','TR','TW')
asia-south2-b;GCP;APAC;Delhi, Inde, APAC;IN-DL;New Delhi;('HK','ID','IN-NO','IN-WE','JP-KN','JP-TK','KR','SG','TR','TW')
asia-south2-c;GCP;APAC;Delhi, Inde, APAC;IN-DL;New Delhi;('HK','ID','IN-NO','IN-WE','JP-KN','JP-TK','KR','SG','TR','TW')
asia-southeast1-a;GCP;APAC;Jurong West, Singapour, APAC;SG-05;Jurong;('HK','ID','IN-NO','IN-WE','JP-KN','JP-TK','KR','SG','TR','TW')
asia-southeast1-b;GCP;APAC;Jurong West, Singapour, APAC;SG-05;Jurong;('HK','ID','IN-NO','IN-WE','JP-KN','JP-TK','KR','SG','TR','TW')
asia-southeast1-c;GCP;APAC;Jurong West, Singapour, APAC;SG-05;Jurong;('HK','ID','IN-NO','IN-WE','JP-KN','JP-TK','KR','SG','TR','TW')
asia-southeast2-a;GCP;APAC;Jakarta, Indonésie, APAC;ID-JW;Jakarta;('HK','ID','IN-NO','IN-WE','JP-KN','JP-TK','KR','SG','TR','TW')
asia-southeast2-b;GCP;APAC;Jakarta, Indonésie, APAC;ID-JW;Jakarta;('HK','ID','IN-NO','IN-WE','JP-KN','JP-TK','KR','SG','TR','TW')
asia-southeast2-c;GCP;APAC;Jakarta, Indonésie, APAC;ID-JW;Jakarta;('HK','ID','IN-NO','IN-WE','JP-KN','JP-TK','KR','SG','TR','TW')
australia-southeast1-a;GCP;APAC;Sydney, Australie, APAC;AU-NSW;Sydney;('HK','ID','IN-NO','IN-WE','JP-KN','JP-TK','KR','SG','TR','TW')
australia-southeast1-b;GCP;APAC;Sydney, Australie, APAC;AU-NSW;Sydney;('HK','ID','IN-NO','IN-WE','JP-KN','JP-TK','KR','SG','TR','TW')
australia-southeast1-c;GCP;APAC;Sydney, Australie, APAC;AU-NSW;Sydney;('HK','ID','IN-NO','IN-WE','JP-KN','JP-TK','KR','SG','TR','TW')
australia-southeast2-a;GCP;APAC;Melbourne, Australie, APAC;AU-VIC;Melbourne;('HK','ID','IN-NO','IN-WE','JP-KN','JP-TK','KR','SG','TR','TW')
australia-southeast2-b;GCP;APAC;Melbourne, Australie, APAC;AU-VIC;Melbourne;('HK','ID','IN-NO','IN-WE','JP-KN','JP-TK','KR','SG','TR','TW')
australia-southeast2-c;GCP;APAC;Melbourne, Australie, APAC;AU-VIC;Melbourne;('HK','ID','IN-NO','IN-WE','JP-KN','JP-TK','KR','SG','TR','TW')
europe-central2-a;GCP;Europe;Varsovie, Pologne, Europe;PL-14;Varsovie;('AT','BA','BE','BG','CH','CY','CZ','DE','DK-BHM','DK-DK1','DK-DK2','EE','ES','FI','FR','GB','GB-NIR','GR','HR','HU','IE','IS','IT-CNO','IT-CSO','IT-NO','IT-SAR','IT-SIC','IT-SO','LT','LU','LV','NL','NO-NO1','NO-NO2','NO-NO3','NO-NO4','NO-NO5','PL','PT','RO','RS','SE-SE1','SE-SE2','SE-SE3','SE-SE4','SI','SK','TR')
europe-central2-b;GCP;Europe;Varsovie, Pologne, Europe;PL-14;Varsovie;('AT','BA','BE','BG','CH','CY','CZ','DE','DK-BHM','DK-DK1','DK-DK2','EE','ES','FI','FR','GB','GB-NIR','GR','HR','HU','IE','IS','IT-CNO','IT-CSO','IT-NO','IT-SAR','IT-SIC','IT-SO','LT','LU','LV','NL','NO-NO1','NO-NO2','NO-NO3','NO-NO4','NO-NO5','PL','PT','RO','RS','SE-SE1','SE-SE2','SE-SE3','SE-SE4','SI','SK','TR')
europe-central2-c;GCP;Europe;Varsovie, Pologne, Europe;PL-14;Varsovie;('AT','BA','BE','BG','CH','CY','CZ','DE','DK-BHM','DK-DK1','DK-DK2','EE','ES','FI','FR','GB','GB-NIR','GR','HR','HU','IE','IS','IT-CNO','IT-CSO','IT-NO','IT-SAR','IT-SIC','IT-SO','LT','LU','LV','NL','NO-NO1','NO-NO2','NO-NO3','NO-NO4','NO-NO5','PL','PT','RO','RS','SE-SE1','SE-SE2','SE-SE3','SE-SE4','SI','SK','TR')
europe-north1-a;GCP;Europe;Hamina, Finlande, Europe;FI-09;Hamina;('AT','BA','BE','BG','CH','CY','CZ','DE','DK-BHM','DK-DK1','DK-DK2','EE','ES','FI','FR','GB','GB-NIR','GR','HR','HU','IE','IS','IT-CNO','IT-CSO','IT-NO','IT-SAR','IT-SIC','IT-SO','LT','LU','LV','NL','NO-NO1','NO-NO2','NO-NO3','NO-NO4','NO-NO5','PL','PT','RO','RS','SE-SE1','SE-SE2','SE-SE3','SE-SE4','SI','SK','TR')
europe-north1-b;GCP;Europe;Hamina, Finlande, Europe;FI-09;Hamina;('AT','BA','BE','BG','CH','CY','CZ','DE','DK-BHM','DK-DK1','DK-DK2','EE','ES','FI','FR','GB','GB-NIR','GR','HR','HU','IE','IS','IT-CNO','IT-CSO','IT-NO','IT-SAR','IT-SIC','IT-SO','LT','LU','LV','NL','NO-NO1','NO-NO2','NO-NO3','NO-NO4','NO-NO5','PL','PT','RO','RS','SE-SE1','SE-SE2','SE-SE3','SE-SE4','SI','SK','TR')
europe-north1-c;GCP;Europe;Hamina, Finlande, Europe;FI-09;Hamina;('AT','BA','BE','BG','CH','CY','CZ','DE','DK-BHM','DK-DK1','DK-DK2','EE','ES','FI','FR','GB','GB-NIR','GR','HR','HU','IE','IS','IT-CNO','IT-CSO','IT-NO','IT-SAR','IT-SIC','IT-SO','LT','LU','LV','NL','NO-NO1','NO-NO2','NO-NO3','NO-NO4','NO-NO5','PL','PT','RO','RS','SE-SE1','SE-SE2','SE-SE3','SE-SE4','SI','SK','TR')
europe-southwest1-a;GCP;Europe;Madrid, Espagne, Europe;ES-M;Madrid;('AT','BA','BE','BG','CH','CY','CZ','DE','DK-BHM','DK-DK1','DK-DK2','EE','ES','FI','FR','GB','GB-NIR','GR','HR','HU','IE','IS','IT-CNO','IT-CSO','IT-NO','IT-SAR','IT-SIC','IT-SO','LT','LU','LV','NL','NO-NO1','NO-NO2','NO-NO3','NO-NO4','NO-NO5','PL','PT','RO','RS','SE-SE1','SE-SE2','SE-SE3','SE-SE4','SI','SK','TR')
europe-southwest1-b;GCP;Europe;Madrid, Espagne, Europe;ES-M;Madrid;('AT','BA','BE','BG','CH','CY','CZ','DE','DK-BHM','DK-DK1','DK-DK2','EE','ES','FI','FR','GB','GB-NIR','GR','HR','HU','IE','IS','IT-CNO','IT-CSO','IT-NO','IT-SAR','IT-SIC','IT-SO','LT','LU','LV','NL','NO-NO1','NO-NO2','NO-NO3','NO-NO4','NO-NO5','PL','PT','RO','RS','SE-SE1','SE-SE2','SE-SE3','SE-SE4','SI','SK','TR')
europe-southwest1-c;GCP;Europe;Madrid, Espagne, Europe;ES-M;Madrid;('AT','BA','BE','BG','CH','CY','CZ','DE','DK-BHM','DK-DK1','DK-DK2','EE','ES','FI','FR','GB','GB-NIR','GR','HR','HU','IE','IS','IT-CNO','IT-CSO','IT-NO','IT-SAR','IT-SIC','IT-SO','LT','LU','LV','NL','NO-NO1','NO-NO2','NO-NO3','NO-NO4','NO-NO5','PL','PT','RO','RS','SE-SE1','SE-SE2','SE-SE3','SE-SE4','SI','SK','TR')
europe-west1-b;GCP;Europe;Saint-Ghislain, Belgique, Europe;BE-WHT;Saint-Ghislain;('AT','BA','BE','BG','CH','CY','CZ','DE','DK-BHM','DK-DK1','DK-DK2','EE','ES','FI','FR','GB','GB-NIR','GR','HR','HU','IE','IS','IT-CNO','IT-CSO','IT-NO','IT-SAR','IT-SIC','IT-SO','LT','LU','LV','NL','NO-NO1','NO-NO2','NO-NO3','NO-NO4','NO-NO5','PL','PT','RO','RS','SE-SE1','SE-SE2','SE-SE3','SE-SE4','SI','SK','TR')
europe-west1-c;GCP;Europe;Saint-Ghislain, Belgique, Europe;BE-WHT;Saint-Ghislain;('AT','BA','BE','BG','CH','CY','CZ','DE','DK-BHM','DK-DK1','DK-DK2','EE','ES','FI','FR','GB','GB-NIR','GR','HR','HU','IE','IS','IT-CNO','IT-CSO','IT-NO','IT-SAR','IT-SIC','IT-SO','LT','LU','LV','NL','NO-NO1','NO-NO2','NO-NO3','NO-NO4','NO-NO5','PL','PT','RO','RS','SE-SE1','SE-SE2','SE-SE3','SE-SE4','SI','SK','TR')
europe-west1-d;GCP;Europe;Saint-Ghislain, Belgique, Europe;BE-WHT;Saint-Ghislain;('AT','BA','BE','BG','CH','CY','CZ','DE','DK-BHM','DK-DK1','DK-DK2','EE','ES','FI','FR','GB','GB-NIR','GR','HR','HU','IE','IS','IT-CNO','IT-CSO','IT-NO','IT-SAR','IT-SIC','IT-SO','LT','LU','LV','NL','NO-NO1','NO-NO2','NO-NO3','NO-NO4','NO-NO5','PL','PT','RO','RS','SE-SE1','SE-SE2','SE-SE3','SE-SE4','SI','SK','TR')
europe-west10-a;GCP;Europe;Berlin, Allemagne, Europe;DE-BE;Berlin;('AT','BA','BE','BG','CH','CY','CZ','DE','DK-BHM','DK-DK1','DK-DK2','EE','ES','FI','FR','GB','GB-NIR','GR','HR','HU','IE','IS','IT-CNO','IT-CSO','IT-NO','IT-SAR','IT-SIC','IT-SO','LT','LU','LV','NL','NO-NO1','NO-NO2','NO-NO3','NO-NO4','NO-NO5','PL','PT','RO','RS','SE-SE1','SE-SE2','SE-SE3','SE-SE4','SI','SK','TR')
europe-west10-b;GCP;Europe;Berlin, Allemagne, Europe;DE-BE;Berlin;('AT','BA','BE','BG','CH','CY','CZ','DE','DK-BHM','DK-DK1','DK-DK2','EE','ES','FI','FR','GB','GB-NIR','GR','HR','HU','IE','IS','IT-CNO','IT-CSO','IT-NO','IT-SAR','IT-SIC','IT-SO','LT','LU','LV','NL','NO-NO1','NO-NO2','NO-NO3','NO-NO4','NO-NO5','PL','PT','RO','RS','SE-SE1','SE-SE2','SE-SE3','SE-SE4','SI','SK','TR')
europe-west10-c;GCP;Europe;Berlin, Allemagne, Europe;DE-BE;Berlin;('AT','BA','BE','BG','CH','CY','CZ','DE','DK-BHM','DK-DK1','DK-DK2','EE','ES','FI','FR','GB','GB-NIR','GR','HR','HU','IE','IS','IT-CNO','IT-CSO','IT-NO','IT-SAR','IT-SIC','IT-SO','LT','LU','LV','NL','NO-NO1','NO-NO2','NO-NO3','NO-NO4','NO-NO5','PL','PT','RO','RS','SE-SE1','SE-SE2','SE-SE3','SE-SE4','SI','SK','TR')
europe-west12-a;GCP;Europe;Turin, Italie, Europe;IT-21;Turin;('AT','BA','BE','BG','CH','CY','CZ','DE','DK-BHM','DK-DK1','DK-DK2','EE','ES','FI','FR','GB','GB-NIR','GR','HR','HU','IE','IS','IT-CNO','IT-CSO','IT-NO','IT-SAR','IT-SIC','IT-SO','LT','LU','LV','NL','NO-NO1','NO-NO2','NO-NO3','NO-NO4','NO-NO5','PL','PT','RO','RS','SE-SE1','SE-SE2','SE-SE3','SE-SE4','SI','SK','TR')
europe-west12-b;GCP;Europe;Turin, Italie, Europe;IT-21;Turin;('AT','BA','BE','BG','CH','CY','CZ','DE','DK-BHM','DK-DK1','DK-DK2','EE','ES','FI','FR','GB','GB-NIR','GR','HR','HU','IE','IS','IT-CNO','IT-CSO','IT-NO','IT-SAR','IT-SIC','IT-SO','LT','LU','LV','NL','NO-NO1','NO-NO2','NO-NO3','NO-NO4','NO-NO5','PL','PT','RO','RS','SE-SE1','SE-SE2','SE-SE3','SE-SE4','SI','SK','TR')
europe-west12-c;GCP;Europe;Turin, Italie, Europe;IT-21;Turin;('AT','BA','BE','BG','CH','CY','CZ','DE','DK-BHM','DK-DK1','DK-DK2','EE','ES','FI','FR','GB','GB-NIR','GR','HR','HU','IE','IS','IT-CNO','IT-CSO','IT-NO','IT-SAR','IT-SIC','IT-SO','LT','LU','LV','NL','NO-NO1','NO-NO2','NO-NO3','NO-NO4','NO-NO5','PL','PT','RO','RS','SE-SE1','SE-SE2','SE-SE3','SE-SE4','SI','SK','TR')
europe-west2-a;GCP;Europe;Londres, Angleterre, Europe;GB-ENG;Londres;('AT','BA','BE','BG','CH','CY','CZ','DE','DK-BHM','DK-DK1','DK-DK2','EE','ES','FI','FR','GB','GB-NIR','GR','HR','HU','IE','IS','IT-CNO','IT-CSO','IT-NO','IT-SAR','IT-SIC','IT-SO','LT','LU','LV','NL','NO-NO1','NO-NO2','NO-NO3','NO-NO4','NO-NO5','PL','PT','RO','RS','SE-SE1','SE-SE2','SE-SE3','SE-SE4','SI','SK','TR')
europe-west2-b;GCP;Europe;Londres, Angleterre, Europe;GB-ENG;Londres;('AT','BA','BE','BG','CH','CY','CZ','DE','DK-BHM','DK-DK1','DK-DK2','EE','ES','FI','FR','GB','GB-NIR','GR','HR','HU','IE','IS','IT-CNO','IT-CSO','IT-NO','IT-SAR','IT-SIC','IT-SO','LT','LU','LV','NL','NO-NO1','NO-NO2','NO-NO3','NO-NO4','NO-NO5','PL','PT','RO','RS','SE-SE1','SE-SE2','SE-SE3','SE-SE4','SI','SK','TR')
europe-west2-c;GCP;Europe;Londres, Angleterre, Europe;GB-ENG;Londres;('AT','BA','BE','BG','CH','CY','CZ','DE','DK-BHM','DK-DK1','DK-DK2','EE','ES','FI','FR','GB','GB-NIR','GR','HR','HU','IE','IS','IT-CNO','IT-CSO','IT-NO','IT-SAR','IT-SIC','IT-SO','LT','LU','LV','NL','NO-NO1','NO-NO2','NO-NO3','NO-NO4','NO-NO5','PL','PT','RO','RS','SE-SE1','SE-SE2','SE-SE3','SE-SE4','SI','SK','TR')
europe-west3-a;GCP;Europe;Francfort, Allemagne, Europe;DE-HE;Francfort;('AT','BA','BE','BG','CH','CY','CZ','DE','DK-BHM','DK-DK1','DK-DK2','EE','ES','FI','FR','GB','GB-NIR','GR','HR','HU','IE','IS','IT-CNO','IT-CSO','IT-NO','IT-SAR','IT-SIC','IT-SO','LT','LU','LV','NL','NO-NO1','NO-NO2','NO-NO3','NO-NO4','NO-NO5','PL','PT','RO','RS','SE-SE1','SE-SE2','SE-SE3','SE-SE4','SI','SK','TR')
europe-west3-b;GCP;Europe;Francfort, Allemagne, Europe;DE-HE;Francfort;('AT','BA','BE','BG','CH','CY','CZ','DE','DK-BHM','DK-DK1','DK-DK2','EE','ES','FI','FR','GB','GB-NIR','GR','HR','HU','IE','IS','IT-CNO','IT-CSO','IT-NO','IT-SAR','IT-SIC','IT-SO','LT','LU','LV','NL','NO-NO1','NO-NO2','NO-NO3','NO-NO4','NO-NO5','PL','PT','RO','RS','SE-SE1','SE-SE2','SE-SE3','SE-SE4','SI','SK','TR')
europe-west3-c;GCP;Europe;Francfort, Allemagne, Europe;DE-HE;Francfort;('AT','BA','BE','BG','CH','CY','CZ','DE','DK-BHM','DK-DK1','DK-DK2','EE','ES','FI','FR','GB','GB-NIR','GR','HR','HU','IE','IS','IT-CNO','IT-CSO','IT-NO','IT-SAR','IT-SIC','IT-SO','LT','LU','LV','NL','NO-NO1','NO-NO2','NO-NO3','NO-NO4','NO-NO5','PL','PT','RO','RS','SE-SE1','SE-SE2','SE-SE3','SE-SE4','SI','SK','TR')
europe-west4-a;GCP;Europe;Eemshaven, Pays-Bas, Europe;NL-GR;Het Hogeland;('AT','BA','BE','BG','CH','CY','CZ','DE','DK-BHM','DK-DK1','DK-DK2','EE','ES','FI','FR','GB','GB-NIR','GR','HR','HU','IE','IS','IT-CNO','IT-CSO','IT-NO','IT-SAR','IT-SIC','IT-SO','LT','LU','LV','NL','NO-NO1','NO-NO2','NO-NO3','NO-NO4','NO-NO5','PL','PT','RO','RS','SE-SE1','SE-SE2','SE-SE3','SE-SE4','SI','SK','TR')
europe-west4-b;GCP;Europe;Eemshaven, Pays-Bas, Europe;NL-GR;Het Hogeland;('AT','BA','BE','BG','CH','CY','CZ','DE','DK-BHM','DK-DK1','DK-DK2','EE','ES','FI','FR','GB','GB-NIR','GR','HR','HU','IE','IS','IT-CNO','IT-CSO','IT-NO','IT-SAR','IT-SIC','IT-SO','LT','LU','LV','NL','NO-NO1','NO-NO2','NO-NO3','NO-NO4','NO-NO5','PL','PT','RO','RS','SE-SE1','SE-SE2','SE-SE3','SE-SE4','SI','SK','TR')
europe-west4-c;GCP;Europe;Eemshaven, Pays-Bas, Europe;NL-GR;Het Hogeland;('AT','BA','BE','BG','CH','CY','CZ','DE','DK-BHM','DK-DK1','DK-DK2','EE','ES','FI','FR','GB','GB-NIR','GR','HR','HU','IE','IS','IT-CNO','IT-CSO','IT-NO','IT-SAR','IT-SIC','IT-SO','LT','LU','LV','NL','NO-NO1','NO-NO2','NO-NO3','NO-NO4','NO-NO5','PL','PT','RO','RS','SE-SE1','SE-SE2','SE-SE3','SE-SE4','SI','SK','TR')
europe-west6-a;GCP;Europe;Zurich, Suisse, Europe;CH-ZH;Zurich;('AT','BA','BE','BG','CH','CY','CZ','DE','DK-BHM','DK-DK1','DK-DK2','EE','ES','FI','FR','GB','GB-NIR','GR','HR','HU','IE','IS','IT-CNO','IT-CSO','IT-NO','IT-SAR','IT-SIC','IT-SO','LT','LU','LV','NL','NO-NO1','NO-NO2','NO-NO3','NO-NO4','NO-NO5','PL','PT','RO','RS','SE-SE1','SE-SE2','SE-SE3','SE-SE4','SI','SK','TR')
europe-west6-b;GCP;Europe;Zurich, Suisse, Europe;CH-ZH;Zurich;('AT','BA','BE','BG','CH','CY','CZ','DE','DK-BHM','DK-DK1','DK-DK2','EE','ES','FI','FR','GB','GB-NIR','GR','HR','HU','IE','IS','IT-CNO','IT-CSO','IT-NO','IT-SAR','IT-SIC','IT-SO','LT','LU','LV','NL','NO-NO1','NO-NO2','NO-NO3','NO-NO4','NO-NO5','PL','PT','RO','RS','SE-SE1','SE-SE2','SE-SE3','SE-SE4','SI','SK','TR')
europe-west6-c;GCP;Europe;Zurich, Suisse, Europe;CH-ZH;Zurich;('AT','BA','BE','BG','CH','CY','CZ','DE','DK-BHM','DK-DK1','DK-DK2','EE','ES','FI','FR','GB','GB-NIR','GR','HR','HU','IE','IS','IT-CNO','IT-CSO','IT-NO','IT-SAR','IT-SIC','IT-SO','LT','LU','LV','NL','NO-NO1','NO-NO2','NO-NO3','NO-NO4','NO-NO5','PL','PT','RO','RS','SE-SE1','SE-SE2','SE-SE3','SE-SE4','SI','SK','TR')
europe-west8-a;GCP;Europe;Milan, Italie, Europe;IT-25;Milan;('AT','BA','BE','BG','CH','CY','CZ','DE','DK-BHM','DK-DK1','DK-DK2','EE','ES','FI','FR','GB','GB-NIR','GR','HR','HU','IE','IS','IT-CNO','IT-CSO','IT-NO','IT-SAR','IT-SIC','IT-SO','LT','LU','LV','NL','NO-NO1','NO-NO2','NO-NO3','NO-NO4','NO-NO5','PL','PT','RO','RS','SE-SE1','SE-SE2','SE-SE3','SE-SE4','SI','SK','TR')
europe-west8-b;GCP;Europe;Milan, Italie, Europe;IT-25;Milan;('AT','BA','BE','BG','CH','CY','CZ','DE','DK-BHM','DK-DK1','DK-DK2','EE','ES','FI','FR','GB','GB-NIR','GR','HR','HU','IE','IS','IT-CNO','IT-CSO','IT-NO','IT-SAR','IT-SIC','IT-SO','LT','LU','LV','NL','NO-NO1','NO-NO2','NO-NO3','NO-NO4','NO-NO5','PL','PT','RO','RS','SE-SE1','SE-SE2','SE-SE3','SE-SE4','SI','SK','TR')
europe-west8-c;GCP;Europe;Milan, Italie, Europe;IT-25;Milan;('AT','BA','BE','BG','CH','CY','CZ','DE','DK-BHM','DK-DK1','DK-DK2','EE','ES','FI','FR','GB','GB-NIR','GR','HR','HU','IE','IS','IT-CNO','IT-CSO','IT-NO','IT-SAR','IT-SIC','IT-SO','LT','LU','LV','NL','NO-NO1','NO-NO2','NO-NO3','NO-NO4','NO-NO5','PL','PT','RO','RS','SE-SE1','SE-SE2','SE-SE3','SE-SE4','SI','SK','TR')
europe-west9-a;GCP;Europe;Paris, France, Europe;FR-IDF;Paris;('AT','BA','BE','BG','CH','CY','CZ','DE','DK-BHM','DK-DK1','DK-DK2','EE','ES','FI','FR','GB','GB-NIR','GR','HR','HU','IE','IS','IT-CNO','IT-CSO','IT-NO','IT-SAR','IT-SIC','IT-SO','LT','LU','LV','NL','NO-NO1','NO-NO2','NO-NO3','NO-NO4','NO-NO5','PL','PT','RO','RS','SE-SE1','SE-SE2','SE-SE3','SE-SE4','SI','SK','TR')
europe-west9-b;GCP;Europe;Paris, France, Europe;FR-IDF;Paris;('AT','BA','BE','BG','CH','CY','CZ','DE','DK-BHM','DK-DK1','DK-DK2','EE','ES','FI','FR','GB','GB-NIR','GR','HR','HU','IE','IS','IT-CNO','IT-CSO','IT-NO','IT-SAR','IT-SIC','IT-SO','LT','LU','LV','NL','NO-NO1','NO-NO2','NO-NO3','NO-NO4','NO-NO5','PL','PT','RO','RS','SE-SE1','SE-SE2','SE-SE3','SE-SE4','SI','SK','TR')
europe-west9-c;GCP;Europe;Paris, France, Europe;FR-IDF;Paris;('AT','BA','BE','BG','CH','CY','CZ','DE','DK-BHM','DK-DK1','DK-DK2','EE','ES','FI','FR','GB','GB-NIR','GR','HR','HU','IE','IS','IT-CNO','IT-CSO','IT-NO','IT-SAR','IT-SIC','IT-SO','LT','LU','LV','NL','NO-NO1','NO-NO2','NO-NO3','NO-NO4','NO-NO5','PL','PT','RO','RS','SE-SE1','SE-SE2','SE-SE3','SE-SE4','SI','SK','TR')
me-central1-a;GCP;Moyen-Orient;Doha, Qatar, Moyen-Orient;QA-DA;Doha;('IL')
me-central1-b;GCP;Moyen-Orient;Doha, Qatar, Moyen-Orient;QA-DA;Doha;('IL')
me-central1-c;GCP;Moyen-Orient;Doha, Qatar, Moyen-Orient;QA-DA;Doha;('IL')
me-central2-a;GCP;Moyen-Orient;Dammam, Arabie saoudite, Moyen-Orient;SA-04;Dammam;('IL')
me-central2-b;GCP;Moyen-Orient;Dammam, Arabie saoudite, Moyen-Orient;SA-04;Dammam;('IL')
me-central2-c;GCP;Moyen-Orient;Dammam, Arabie saoudite, Moyen-Orient;SA-04;Dammam;('IL')
me-west1-a;GCP;Moyen-Orient;Tel-Aviv, Israël, Moyen-Orient;IL-TA;Tel Aviv;('IL')
me-west1-b;GCP;Moyen-Orient;Tel-Aviv, Israël, Moyen-Orient;IL-TA;Tel Aviv;('IL')
me-west1-c;GCP;Moyen-Orient;Tel-Aviv, Israël, Moyen-Orient;IL-TA;Tel Aviv;('IL')
northamerica-northeast1-a;GCP;Amérique du Nord;Montréal, Québec, Amérique du Nord;CA-QC;Montréal;('CA-ON','CA-QC','CR','NI','PA','US-CAL-BANC','US-CAL-CISO','US-CAL-IID','US-CAL-LDWP','US-CAL-TIDC','US-CAR-CPLE','US-CAR-CPLW','US-CAR-DUK','US-CAR-SC','US-CAR-SCEG','US-CAR-YAD','US-CENT-SPA','US-CENT-SWPP','US-FLA-FMPP','US-FLA-FPC','US-FLA-FPL','US-FLA-GVL','US-FLA-JEA','US-FLA-SEC','US-FLA-TAL','US-FLA-TEC','US-HI-OA','US-MIDA-PJM','US-MIDW-AECI','US-MIDW-LGEE','US-MIDW-MISO','US-NE-ISNE','US-NW-AVA','US-NW-BPAT','US-NW-CHPD','US-NW-DOPD','US-NW-GCPD','US-NW-GRID','US-NW-IPCO','US-NW-NEVP','US-NW-NWMT','US-NW-PACE','US-NW-PACW','US-NW-PGE','US-NW-PSCO','US-NW-PSEI','US-NW-SCL','US-NW-TPWR','US-NW-WACM','US-NW-WAUW','US-NY-NYIS','US-SE-SOCO','US-SW-AZPS','US-SW-EPE','US-SW-PNM','US-SW-SRP','US-SW-TEPC','US-SW-WALC','US-TEN-TVA','US-TEX-ERCO')
northamerica-northeast1-b;GCP;Amérique du Nord;Montréal, Québec, Amérique du Nord;CA-QC;Montréal;('CA-ON','CA-QC','CR','NI','PA','US-CAL-BANC','US-CAL-CISO','US-CAL-IID','US-CAL-LDWP','US-CAL-TIDC','US-CAR-CPLE','US-CAR-CPLW','US-CAR-DUK','US-CAR-SC','US-CAR-SCEG','US-CAR-YAD','US-CENT-SPA','US-CENT-SWPP','US-FLA-FMPP','US-FLA-FPC','US-FLA-FPL','US-FLA-GVL','US-FLA-JEA','US-FLA-SEC','US-FLA-TAL','US-FLA-TEC','US-HI-OA','US-MIDA-PJM','US-MIDW-AECI','US-MIDW-LGEE','US-MIDW-MISO','US-NE-ISNE','US-NW-AVA','US-NW-BPAT','US-NW-CHPD','US-NW-DOPD','US-NW-GCPD','US-NW-GRID','US-NW-IPCO','US-NW-NEVP','US-NW-NWMT','US-NW-PACE','US-NW-PACW','US-NW-PGE','US-NW-PSCO','US-NW-PSEI','US-NW-SCL','US-NW-TPWR','US-NW-WACM','US-NW-WAUW','US-NY-NYIS','US-SE-SOCO','US-SW-AZPS','US-SW-EPE','US-SW-PNM','US-SW-SRP','US-SW-TEPC','US-SW-WALC','US-TEN-TVA','US-TEX-ERCO')
northamerica-northeast1-c;GCP;Amérique du Nord;Montréal, Québec, Amérique du Nord;CA-QC;Montréal;('CA-ON','CA-QC','CR','NI','PA','US-CAL-BANC','US-CAL-CISO','US-CAL-IID','US-CAL-LDWP','US-CAL-TIDC','US-CAR-CPLE','US-CAR-CPLW','US-CAR-DUK','US-CAR-SC','US-CAR-SCEG','US-CAR-YAD','US-CENT-SPA','US-CENT-SWPP','US-FLA-FMPP','US-FLA-FPC','US-FLA-FPL','US-FLA-GVL','US-FLA-JEA','US-FLA-SEC','US-FLA-TAL','US-FLA-TEC','US-HI-OA','US-MIDA-PJM','US-MIDW-AECI','US-MIDW-LGEE','US-MIDW-MISO','US-NE-ISNE','US-NW-AVA','US-NW-BPAT','US-NW-CHPD','US-NW-DOPD','US-NW-GCPD','US-NW-GRID','US-NW-IPCO','US-NW-NEVP','US-NW-NWMT','US-NW-PACE','US-NW-PACW','US-NW-PGE','US-NW-PSCO','US-NW-PSEI','US-NW-SCL','US-NW-TPWR','US-NW-WACM','US-NW-WAUW','US-NY-NYIS','US-SE-SOCO','US-SW-AZPS','US-SW-EPE','US-SW-PNM','US-SW-SRP','US-SW-TEPC','US-SW-WALC','US-TEN-TVA','US-TEX-ERCO')
northamerica-northeast2-a;GCP;Amérique du Nord;Toronto, Ontario, Amérique du Nord;CA-ON;Toronto;('CA-ON','CA-QC','CR','NI','PA','US-CAL-BANC','US-CAL-CISO','US-CAL-IID','US-CAL-LDWP','US-CAL-TIDC','US-CAR-CPLE','US-CAR-CPLW','US-CAR-DUK','US-CAR-SC','US-CAR-SCEG','US-CAR-YAD','US-CENT-SPA','US-CENT-SWPP','US-FLA-FMPP','US-FLA-FPC','US-FLA-FPL','US-FLA-GVL','US-FLA-JEA','US-FLA-SEC','US-FLA-TAL','US-FLA-TEC','US-HI-OA','US-MIDA-PJM','US-MIDW-AECI','US-MIDW-LGEE','US-MIDW-MISO','US-NE-ISNE','US-NW-AVA','US-NW-BPAT','US-NW-CHPD','US-NW-DOPD','US-NW-GCPD','US-NW-GRID','US-NW-IPCO','US-NW-NEVP','US-NW-NWMT','US-NW-PACE','US-NW-PACW','US-NW-PGE','US-NW-PSCO','US-NW-PSEI','US-NW-SCL','US-NW-TPWR','US-NW-WACM','US-NW-WAUW','US-NY-NYIS','US-SE-SOCO','US-SW-AZPS','US-SW-EPE','US-SW-PNM','US-SW-SRP','US-SW-TEPC','US-SW-WALC','US-TEN-TVA','US-TEX-ERCO')
northamerica-northeast2-b;GCP;Amérique du Nord;Toronto, Ontario, Amérique du Nord;CA-ON;Toronto;('CA-ON','CA-QC','CR','NI','PA','US-CAL-BANC','US-CAL-CISO','US-CAL-IID','US-CAL-LDWP','US-CAL-TIDC','US-CAR-CPLE','US-CAR-CPLW','US-CAR-DUK','US-CAR-SC','US-CAR-SCEG','US-CAR-YAD','US-CENT-SPA','US-CENT-SWPP','US-FLA-FMPP','US-FLA-FPC','US-FLA-FPL','US-FLA-GVL','US-FLA-JEA','US-FLA-SEC','US-FLA-TAL','US-FLA-TEC','US-HI-OA','US-MIDA-PJM','US-MIDW-AECI','US-MIDW-LGEE','US-MIDW-MISO','US-NE-ISNE','US-NW-AVA','US-NW-BPAT','US-NW-CHPD','US-NW-DOPD','US-NW-GCPD','US-NW-GRID','US-NW-IPCO','US-NW-NEVP','US-NW-NWMT','US-NW-PACE','US-NW-PACW','US-NW-PGE','US-NW-PSCO','US-NW-PSEI','US-NW-SCL','US-NW-TPWR','US-NW-WACM','US-NW-WAUW','US-NY-NYIS','US-SE-SOCO','US-SW-AZPS','US-SW-EPE','US-SW-PNM','US-SW-SRP','US-SW-TEPC','US-SW-WALC','US-TEN-TVA','US-TEX-ERCO')
northamerica-northeast2-c;GCP;Amérique du Nord;Toronto, Ontario, Amérique du Nord;CA-ON;Toronto;('CA-ON','CA-QC','CR','NI','PA','US-CAL-BANC','US-CAL-CISO','US-CAL-IID','US-CAL-LDWP','US-CAL-TIDC','US-CAR-CPLE','US-CAR-CPLW','US-CAR-DUK','US-CAR-SC','US-CAR-SCEG','US-CAR-YAD','US-CENT-SPA','US-CENT-SWPP','US-FLA-FMPP','US-FLA-FPC','US-FLA-FPL','US-FLA-GVL','US-FLA-JEA','US-FLA-SEC','US-FLA-TAL','US-FLA-TEC','US-HI-OA','US-MIDA-PJM','US-MIDW-AECI','US-MIDW-LGEE','US-MIDW-MISO','US-NE-ISNE','US-NW-AVA','US-NW-BPAT','US-NW-CHPD','US-NW-DOPD','US-NW-GCPD','US-NW-GRID','US-NW-IPCO','US-NW-NEVP','US-NW-NWMT','US-NW-PACE','US-NW-PACW','US-NW-PGE','US-NW-PSCO','US-NW-PSEI','US-NW-SCL','US-NW-TPWR','US-NW-WACM','US-NW-WAUW','US-NY-NYIS','US-SE-SOCO','US-SW-AZPS','US-SW-EPE','US-SW-PNM','US-SW-SRP','US-SW-TEPC','US-SW-WALC','US-TEN-TVA','US-TEX-ERCO')
southamerica-east1-a;GCP;Amérique du Sud;Osasco, São Paulo, Brésil, Amérique du Sud;BR-SP;Osasco;('BR-CS','BR-N','BR-NE','BR-S','CL-SEN','PE','UY')
southamerica-east1-b;GCP;Amérique du Sud;Osasco, São Paulo, Brésil, Amérique du Sud;BR-SP;Osasco;('BR-CS','BR-N','BR-NE','BR-S','CL-SEN','PE','UY')
southamerica-east1c;GCP;Amérique du Sud;Osasco, São Paulo, Brésil, Amérique du Sud;BR-SP;Osasco;('BR-CS','BR-N','BR-NE','BR-S','CL-SEN','PE','UY')
southamerica-west1-a;GCP;Amérique du Sud;Santiago, Chili, Amérique du Sud;CL-RM;Santiago;('BR-CS','BR-N','BR-NE','BR-S','CL-SEN','PE','UY')
southamerica-west1-b;GCP;Amérique du Sud;Santiago, Chili, Amérique du Sud;CL-RM;Santiago;('BR-CS','BR-N','BR-NE','BR-S','CL-SEN','PE','UY')
southamerica-west1-c;GCP;Amérique du Sud;Santiago, Chili, Amérique du Sud;CL-RM;Santiago;('BR-CS','BR-N','BR-NE','BR-S','CL-SEN','PE','UY')
us-central1-a;GCP;Amérique du Nord;Council Bluffs, Iowa, Amérique du Nord;US-IA;Council Bluffs;('CA-ON','CA-QC','CR','NI','PA','US-CAL-BANC','US-CAL-CISO','US-CAL-IID','US-CAL-LDWP','US-CAL-TIDC','US-CAR-CPLE','US-CAR-CPLW','US-CAR-DUK','US-CAR-SC','US-CAR-SCEG','US-CAR-YAD','US-CENT-SPA','US-CENT-SWPP','US-FLA-FMPP','US-FLA-FPC','US-FLA-FPL','US-FLA-GVL','US-FLA-JEA','US-FLA-SEC','US-FLA-TAL','US-FLA-TEC','US-HI-OA','US-MIDA-PJM','US-MIDW-AECI','US-MIDW-LGEE','US-MIDW-MISO','US-NE-ISNE','US-NW-AVA','US-NW-BPAT','US-NW-CHPD','US-NW-DOPD','US-NW-GCPD','US-NW-GRID','US-NW-IPCO','US-NW-NEVP','US-NW-NWMT','US-NW-PACE','US-NW-PACW','US-NW-PGE','US-NW-PSCO','US-NW-PSEI','US-NW-SCL','US-NW-TPWR','US-NW-WACM','US-NW-WAUW','US-NY-NYIS','US-SE-SOCO','US-SW-AZPS','US-SW-EPE','US-SW-PNM','US-SW-SRP','US-SW-TEPC','US-SW-WALC','US-TEN-TVA','US-TEX-ERCO')
us-central1-b;GCP;Amérique du Nord;Council Bluffs, Iowa, Amérique du Nord;US-IA;Council Bluffs;('CA-ON','CA-QC','CR','NI','PA','US-CAL-BANC','US-CAL-CISO','US-CAL-IID','US-CAL-LDWP','US-CAL-TIDC','US-CAR-CPLE','US-CAR-CPLW','US-CAR-DUK','US-CAR-SC','US-CAR-SCEG','US-CAR-YAD','US-CENT-SPA','US-CENT-SWPP','US-FLA-FMPP','US-FLA-FPC','US-FLA-FPL','US-FLA-GVL','US-FLA-JEA','US-FLA-SEC','US-FLA-TAL','US-FLA-TEC','US-HI-OA','US-MIDA-PJM','US-MIDW-AECI','US-MIDW-LGEE','US-MIDW-MISO','US-NE-ISNE','US-NW-AVA','US-NW-BPAT','US-NW-CHPD','US-NW-DOPD','US-NW-GCPD','US-NW-GRID','US-NW-IPCO','US-NW-NEVP','US-NW-NWMT','US-NW-PACE','US-NW-PACW','US-NW-PGE','US-NW-PSCO','US-NW-PSEI','US-NW-SCL','US-NW-TPWR','US-NW-WACM','US-NW-WAUW','US-NY-NYIS','US-SE-SOCO','US-SW-AZPS','US-SW-EPE','US-SW-PNM','US-SW-SRP','US-SW-TEPC','US-SW-WALC','US-TEN-TVA','US-TEX-ERCO')
us-central1-c;GCP;Amérique du Nord;Council Bluffs, Iowa, Amérique du Nord;US-IA;Council Bluffs;('CA-ON','CA-QC','CR','NI','PA','US-CAL-BANC','US-CAL-CISO','US-CAL-IID','US-CAL-LDWP','US-CAL-TIDC','US-CAR-CPLE','US-CAR-CPLW','US-CAR-DUK','US-CAR-SC','US-CAR-SCEG','US-CAR-YAD','US-CENT-SPA','US-CENT-SWPP','US-FLA-FMPP','US-FLA-FPC','US-FLA-FPL','US-FLA-GVL','US-FLA-JEA','US-FLA-SEC','US-FLA-TAL','US-FLA-TEC','US-HI-OA','US-MIDA-PJM','US-MIDW-AECI','US-MIDW-LGEE','US-MIDW-MISO','US-NE-ISNE','US-NW-AVA','US-NW-BPAT','US-NW-CHPD','US-NW-DOPD','US-NW-GCPD','US-NW-GRID','US-NW-IPCO','US-NW-NEVP','US-NW-NWMT','US-NW-PACE','US-NW-PACW','US-NW-PGE','US-NW-PSCO','US-NW-PSEI','US-NW-SCL','US-NW-TPWR','US-NW-WACM','US-NW-WAUW','US-NY-NYIS','US-SE-SOCO','US-SW-AZPS','US-SW-EPE','US-SW-PNM','US-SW-SRP','US-SW-TEPC','US-SW-WALC','US-TEN-TVA','US-TEX-ERCO')
us-central1-f;GCP;Amérique du Nord;Council Bluffs, Iowa, Amérique du Nord;US-IA;Council Bluffs;('CA-ON','CA-QC','CR','NI','PA','US-CAL-BANC','US-CAL-CISO','US-CAL-IID','US-CAL-LDWP','US-CAL-TIDC','US-CAR-CPLE','US-CAR-CPLW','US-CAR-DUK','US-CAR-SC','US-CAR-SCEG','US-CAR-YAD','US-CENT-SPA','US-CENT-SWPP','US-FLA-FMPP','US-FLA-FPC','US-FLA-FPL','US-FLA-GVL','US-FLA-JEA','US-FLA-SEC','US-FLA-TAL','US-FLA-TEC','US-HI-OA','US-MIDA-PJM','US-MIDW-AECI','US-MIDW-LGEE','US-MIDW-MISO','US-NE-ISNE','US-NW-AVA','US-NW-BPAT','US-NW-CHPD','US-NW-DOPD','US-NW-GCPD','US-NW-GRID','US-NW-IPCO','US-NW-NEVP','US-NW-NWMT','US-NW-PACE','US-NW-PACW','US-NW-PGE','US-NW-PSCO','US-NW-PSEI','US-NW-SCL','US-NW-TPWR','US-NW-WACM','US-NW-WAUW','US-NY-NYIS','US-SE-SOCO','US-SW-AZPS','US-SW-EPE','US-SW-PNM','US-SW-SRP','US-SW-TEPC','US-SW-WALC','US-TEN-TVA','US-TEX-ERCO')
us-east1-b;GCP;Amérique du Nord;Moncks Corner, Caroline du Sud, Amérique du Nord;US-SC;Moncks Corner;('CA-ON','CA-QC','CR','NI','PA','US-CAL-BANC','US-CAL-CISO','US-CAL-IID','US-CAL-LDWP','US-CAL-TIDC','US-CAR-CPLE','US-CAR-CPLW','US-CAR-DUK','US-CAR-SC','US-CAR-SCEG','US-CAR-YAD','US-CENT-SPA','US-CENT-SWPP','US-FLA-FMPP','US-FLA-FPC','US-FLA-FPL','US-FLA-GVL','US-FLA-JEA','US-FLA-SEC','US-FLA-TAL','US-FLA-TEC','US-HI-OA','US-MIDA-PJM','US-MIDW-AECI','US-MIDW-LGEE','US-MIDW-MISO','US-NE-ISNE','US-NW-AVA','US-NW-BPAT','US-NW-CHPD','US-NW-DOPD','US-NW-GCPD','US-NW-GRID','US-NW-IPCO','US-NW-NEVP','US-NW-NWMT','US-NW-PACE','US-NW-PACW','US-NW-PGE','US-NW-PSCO','US-NW-PSEI','US-NW-SCL','US-NW-TPWR','US-NW-WACM','US-NW-WAUW','US-NY-NYIS','US-SE-SOCO','US-SW-AZPS','US-SW-EPE','US-SW-PNM','US-SW-SRP','US-SW-TEPC','US-SW-WALC','US-TEN-TVA','US-TEX-ERCO')
us-east1-c;GCP;Amérique du Nord;Moncks Corner, Caroline du Sud, Amérique du Nord;US-SC;Moncks Corner;('CA-ON','CA-QC','CR','NI','PA','US-CAL-BANC','US-CAL-CISO','US-CAL-IID','US-CAL-LDWP','US-CAL-TIDC','US-CAR-CPLE','US-CAR-CPLW','US-CAR-DUK','US-CAR-SC','US-CAR-SCEG','US-CAR-YAD','US-CENT-SPA','US-CENT-SWPP','US-FLA-FMPP','US-FLA-FPC','US-FLA-FPL','US-FLA-GVL','US-FLA-JEA','US-FLA-SEC','US-FLA-TAL','US-FLA-TEC','US-HI-OA','US-MIDA-PJM','US-MIDW-AECI','US-MIDW-LGEE','US-MIDW-MISO','US-NE-ISNE','US-NW-AVA','US-NW-BPAT','US-NW-CHPD','US-NW-DOPD','US-NW-GCPD','US-NW-GRID','US-NW-IPCO','US-NW-NEVP','US-NW-NWMT','US-NW-PACE','US-NW-PACW','US-NW-PGE','US-NW-PSCO','US-NW-PSEI','US-NW-SCL','US-NW-TPWR','US-NW-WACM','US-NW-WAUW','US-NY-NYIS','US-SE-SOCO','US-SW-AZPS','US-SW-EPE','US-SW-PNM','US-SW-SRP','US-SW-TEPC','US-SW-WALC','US-TEN-TVA','US-TEX-ERCO')
us-east1-d;GCP;Amérique du Nord;Moncks Corner, Caroline du Sud, Amérique du Nord;US-SC;Moncks Corner;('CA-ON','CA-QC','CR','NI','PA','US-CAL-BANC','US-CAL-CISO','US-CAL-IID','US-CAL-LDWP','US-CAL-TIDC','US-CAR-CPLE','US-CAR-CPLW','US-CAR-DUK','US-CAR-SC','US-CAR-SCEG','US-CAR-YAD','US-CENT-SPA','US-CENT-SWPP','US-FLA-FMPP','US-FLA-FPC','US-FLA-FPL','US-FLA-GVL','US-FLA-JEA','US-FLA-SEC','US-FLA-TAL','US-FLA-TEC','US-HI-OA','US-MIDA-PJM','US-MIDW-AECI','US-MIDW-LGEE','US-MIDW-MISO','US-NE-ISNE','US-NW-AVA','US-NW-BPAT','US-NW-CHPD','US-NW-DOPD','US-NW-GCPD','US-NW-GRID','US-NW-IPCO','US-NW-NEVP','US-NW-NWMT','US-NW-PACE','US-NW-PACW','US-NW-PGE','US-NW-PSCO','US-NW-PSEI','US-NW-SCL','US-NW-TPWR','US-NW-WACM','US-NW-WAUW','US-NY-NYIS','US-SE-SOCO','US-SW-AZPS','US-SW-EPE','US-SW-PNM','US-SW-SRP','US-SW-TEPC','US-SW-WALC','US-TEN-TVA','US-TEX-ERCO')
us-east4-a;GCP;Amérique du Nord;Ashburn, Virginie, Amérique du Nord;US-VA;Ashburn;('CA-ON','CA-QC','CR','NI','PA','US-CAL-BANC','US-CAL-CISO','US-CAL-IID','US-CAL-LDWP','US-CAL-TIDC','US-CAR-CPLE','US-CAR-CPLW','US-CAR-DUK','US-CAR-SC','US-CAR-SCEG','US-CAR-YAD','US-CENT-SPA','US-CENT-SWPP','US-FLA-FMPP','US-FLA-FPC','US-FLA-FPL','US-FLA-GVL','US-FLA-JEA','US-FLA-SEC','US-FLA-TAL','US-FLA-TEC','US-HI-OA','US-MIDA-PJM','US-MIDW-AECI','US-MIDW-LGEE','US-MIDW-MISO','US-NE-ISNE','US-NW-AVA','US-NW-BPAT','US-NW-CHPD','US-NW-DOPD','US-NW-GCPD','US-NW-GRID','US-NW-IPCO','US-NW-NEVP','US-NW-NWMT','US-NW-PACE','US-NW-PACW','US-NW-PGE','US-NW-PSCO','US-NW-PSEI','US-NW-SCL','US-NW-TPWR','US-NW-WACM','US-NW-WAUW','US-NY-NYIS','US-SE-SOCO','US-SW-AZPS','US-SW-EPE','US-SW-PNM','US-SW-SRP','US-SW-TEPC','US-SW-WALC','US-TEN-TVA','US-TEX-ERCO')
us-east4-b;GCP;Amérique du Nord;Ashburn, Virginie, Amérique du Nord;US-VA;Ashburn;('CA-ON','CA-QC','CR','NI','PA','US-CAL-BANC','US-CAL-CISO','US-CAL-IID','US-CAL-LDWP','US-CAL-TIDC','US-CAR-CPLE','US-CAR-CPLW','US-CAR-DUK','US-CAR-SC','US-CAR-SCEG','US-CAR-YAD','US-CENT-SPA','US-CENT-SWPP','US-FLA-FMPP','US-FLA-FPC','US-FLA-FPL','US-FLA-GVL','US-FLA-JEA','US-FLA-SEC','US-FLA-TAL','US-FLA-TEC','US-HI-OA','US-MIDA-PJM','US-MIDW-AECI','US-MIDW-LGEE','US-MIDW-MISO','US-NE-ISNE','US-NW-AVA','US-NW-BPAT','US-NW-CHPD','US-NW-DOPD','US-NW-GCPD','US-NW-GRID','US-NW-IPCO','US-NW-NEVP','US-NW-NWMT','US-NW-PACE','US-NW-PACW','US-NW-PGE','US-NW-PSCO','US-NW-PSEI','US-NW-SCL','US-NW-TPWR','US-NW-WACM','US-NW-WAUW','US-NY-NYIS','US-SE-SOCO','US-SW-AZPS','US-SW-EPE','US-SW-PNM','US-SW-SRP','US-SW-TEPC','US-SW-WALC','US-TEN-TVA','US-TEX-ERCO')
us-east4-c;GCP;Amérique du Nord;Ashburn, Virginie, Amérique du Nord;US-VA;Ashburn;('CA-ON','CA-QC','CR','NI','PA','US-CAL-BANC','US-CAL-CISO','US-CAL-IID','US-CAL-LDWP','US-CAL-TIDC','US-CAR-CPLE','US-CAR-CPLW','US-CAR-DUK','US-CAR-SC','US-CAR-SCEG','US-CAR-YAD','US-CENT-SPA','US-CENT-SWPP','US-FLA-FMPP','US-FLA-FPC','US-FLA-FPL','US-FLA-GVL','US-FLA-JEA','US-FLA-SEC','US-FLA-TAL','US-FLA-TEC','US-HI-OA','US-MIDA-PJM','US-MIDW-AECI','US-MIDW-LGEE','US-MIDW-MISO','US-NE-ISNE','US-NW-AVA','US-NW-BPAT','US-NW-CHPD','US-NW-DOPD','US-NW-GCPD','US-NW-GRID','US-NW-IPCO','US-NW-NEVP','US-NW-NWMT','US-NW-PACE','US-NW-PACW','US-NW-PGE','US-NW-PSCO','US-NW-PSEI','US-NW-SCL','US-NW-TPWR','US-NW-WACM','US-NW-WAUW','US-NY-NYIS','US-SE-SOCO','US-SW-AZPS','US-SW-EPE','US-SW-PNM','US-SW-SRP','US-SW-TEPC','US-SW-WALC','US-TEN-TVA','US-TEX-ERCO')
us-east5-a;GCP;Amérique du Nord;Columbus, Ohio, Amérique du Nord;US-OH;Columbus;('CA-ON','CA-QC','CR','NI','PA','US-CAL-BANC','US-CAL-CISO','US-CAL-IID','US-CAL-LDWP','US-CAL-TIDC','US-CAR-CPLE','US-CAR-CPLW','US-CAR-DUK','US-CAR-SC','US-CAR-SCEG','US-CAR-YAD','US-CENT-SPA','US-CENT-SWPP','US-FLA-FMPP','US-FLA-FPC','US-FLA-FPL','US-FLA-GVL','US-FLA-JEA','US-FLA-SEC','US-FLA-TAL','US-FLA-TEC','US-HI-OA','US-MIDA-PJM','US-MIDW-AECI','US-MIDW-LGEE','US-MIDW-MISO','US-NE-ISNE','US-NW-AVA','US-NW-BPAT','US-NW-CHPD','US-NW-DOPD','US-NW-GCPD','US-NW-GRID','US-NW-IPCO','US-NW-NEVP','US-NW-NWMT','US-NW-PACE','US-NW-PACW','US-NW-PGE','US-NW-PSCO','US-NW-PSEI','US-NW-SCL','US-NW-TPWR','US-NW-WACM','US-NW-WAUW','US-NY-NYIS','US-SE-SOCO','US-SW-AZPS','US-SW-EPE','US-SW-PNM','US-SW-SRP','US-SW-TEPC','US-SW-WALC','US-TEN-TVA','US-TEX-ERCO')
us-east5-b;GCP;Amérique du Nord;Columbus, Ohio, Amérique du Nord;US-OH;Columbus;('CA-ON','CA-QC','CR','NI','PA','US-CAL-BANC','US-CAL-CISO','US-CAL-IID','US-CAL-LDWP','US-CAL-TIDC','US-CAR-CPLE','US-CAR-CPLW','US-CAR-DUK','US-CAR-SC','US-CAR-SCEG','US-CAR-YAD','US-CENT-SPA','US-CENT-SWPP','US-FLA-FMPP','US-FLA-FPC','US-FLA-FPL','US-FLA-GVL','US-FLA-JEA','US-FLA-SEC','US-FLA-TAL','US-FLA-TEC','US-HI-OA','US-MIDA-PJM','US-MIDW-AECI','US-MIDW-LGEE','US-MIDW-MISO','US-NE-ISNE','US-NW-AVA','US-NW-BPAT','US-NW-CHPD','US-NW-DOPD','US-NW-GCPD','US-NW-GRID','US-NW-IPCO','US-NW-NEVP','US-NW-NWMT','US-NW-PACE','US-NW-PACW','US-NW-PGE','US-NW-PSCO','US-NW-PSEI','US-NW-SCL','US-NW-TPWR','US-NW-WACM','US-NW-WAUW','US-NY-NYIS','US-SE-SOCO','US-SW-AZPS','US-SW-EPE','US-SW-PNM','US-SW-SRP','US-SW-TEPC','US-SW-WALC','US-TEN-TVA','US-TEX-ERCO')
us-east5-c;GCP;Amérique du Nord;Columbus, Ohio, Amérique du Nord;US-OH;Columbus;('CA-ON','CA-QC','CR','NI','PA','US-CAL-BANC','US-CAL-CISO','US-CAL-IID','US-CAL-LDWP','US-CAL-TIDC','US-CAR-CPLE','US-CAR-CPLW','US-CAR-DUK','US-CAR-SC','US-CAR-SCEG','US-CAR-YAD','US-CENT-SPA','US-CENT-SWPP','US-FLA-FMPP','US-FLA-FPC','US-FLA-FPL','US-FLA-GVL','US-FLA-JEA','US-FLA-SEC','US-FLA-TAL','US-FLA-TEC','US-HI-OA','US-MIDA-PJM','US-MIDW-AECI','US-MIDW-LGEE','US-MIDW-MISO','US-NE-ISNE','US-NW-AVA','US-NW-BPAT','US-NW-CHPD','US-NW-DOPD','US-NW-GCPD','US-NW-GRID','US-NW-IPCO','US-NW-NEVP','US-NW-NWMT','US-NW-PACE','US-NW-PACW','US-NW-PGE','US-NW-PSCO','US-NW-PSEI','US-NW-SCL','US-NW-TPWR','US-NW-WACM','US-NW-WAUW','US-NY-NYIS','US-SE-SOCO','US-SW-AZPS','US-SW-EPE','US-SW-PNM','US-SW-SRP','US-SW-TEPC','US-SW-WALC','US-TEN-TVA','US-TEX-ERCO')
us-south1-a;GCP;Amérique du Nord;Dallas, Texas, Amérique du Nord;US-TX;Dallas;('CA-ON','CA-QC','CR','NI','PA','US-CAL-BANC','US-CAL-CISO','US-CAL-IID','US-CAL-LDWP','US-CAL-TIDC','US-CAR-CPLE','US-CAR-CPLW','US-CAR-DUK','US-CAR-SC','US-CAR-SCEG','US-CAR-YAD','US-CENT-SPA','US-CENT-SWPP','US-FLA-FMPP','US-FLA-FPC','US-FLA-FPL','US-FLA-GVL','US-FLA-JEA','US-FLA-SEC','US-FLA-TAL','US-FLA-TEC','US-HI-OA','US-MIDA-PJM','US-MIDW-AECI','US-MIDW-LGEE','US-MIDW-MISO','US-NE-ISNE','US-NW-AVA','US-NW-BPAT','US-NW-CHPD','US-NW-DOPD','US-NW-GCPD','US-NW-GRID','US-NW-IPCO','US-NW-NEVP','US-NW-NWMT','US-NW-PACE','US-NW-PACW','US-NW-PGE','US-NW-PSCO','US-NW-PSEI','US-NW-SCL','US-NW-TPWR','US-NW-WACM','US-NW-WAUW','US-NY-NYIS','US-SE-SOCO','US-SW-AZPS','US-SW-EPE','US-SW-PNM','US-SW-SRP','US-SW-TEPC','US-SW-WALC','US-TEN-TVA','US-TEX-ERCO')
us-south1-b;GCP;Amérique du Nord;Dallas, Texas, Amérique du Nord;US-TX;Dallas;('CA-ON','CA-QC','CR','NI','PA','US-CAL-BANC','US-CAL-CISO','US-CAL-IID','US-CAL-LDWP','US-CAL-TIDC','US-CAR-CPLE','US-CAR-CPLW','US-CAR-DUK','US-CAR-SC','US-CAR-SCEG','US-CAR-YAD','US-CENT-SPA','US-CENT-SWPP','US-FLA-FMPP','US-FLA-FPC','US-FLA-FPL','US-FLA-GVL','US-FLA-JEA','US-FLA-SEC','US-FLA-TAL','US-FLA-TEC','US-HI-OA','US-MIDA-PJM','US-MIDW-AECI','US-MIDW-LGEE','US-MIDW-MISO','US-NE-ISNE','US-NW-AVA','US-NW-BPAT','US-NW-CHPD','US-NW-DOPD','US-NW-GCPD','US-NW-GRID','US-NW-IPCO','US-NW-NEVP','US-NW-NWMT','US-NW-PACE','US-NW-PACW','US-NW-PGE','US-NW-PSCO','US-NW-PSEI','US-NW-SCL','US-NW-TPWR','US-NW-WACM','US-NW-WAUW','US-NY-NYIS','US-SE-SOCO','US-SW-AZPS','US-SW-EPE','US-SW-PNM','US-SW-SRP','US-SW-TEPC','US-SW-WALC','US-TEN-TVA','US-TEX-ERCO')
us-south1-c;GCP;Amérique du Nord;Dallas, Texas, Amérique du Nord;US-TX;Dallas;('CA-ON','CA-QC','CR','NI','PA','US-CAL-BANC','US-CAL-CISO','US-CAL-IID','US-CAL-LDWP','US-CAL-TIDC','US-CAR-CPLE','US-CAR-CPLW','US-CAR-DUK','US-CAR-SC','US-CAR-SCEG','US-CAR-YAD','US-CENT-SPA','US-CENT-SWPP','US-FLA-FMPP','US-FLA-FPC','US-FLA-FPL','US-FLA-GVL','US-FLA-JEA','US-FLA-SEC','US-FLA-TAL','US-FLA-TEC','US-HI-OA','US-MIDA-PJM','US-MIDW-AECI','US-MIDW-LGEE','US-MIDW-MISO','US-NE-ISNE','US-NW-AVA','US-NW-BPAT','US-NW-CHPD','US-NW-DOPD','US-NW-GCPD','US-NW-GRID','US-NW-IPCO','US-NW-NEVP','US-NW-NWMT','US-NW-PACE','US-NW-PACW','US-NW-PGE','US-NW-PSCO','US-NW-PSEI','US-NW-SCL','US-NW-TPWR','US-NW-WACM','US-NW-WAUW','US-NY-NYIS','US-SE-SOCO','US-SW-AZPS','US-SW-EPE','US-SW-PNM','US-SW-SRP','US-SW-TEPC','US-SW-WALC','US-TEN-TVA','US-TEX-ERCO')
us-west1-a;GCP;Amérique du Nord;The Dalles, Oregon, Amérique du Nord;US-OR;The Dalles;('CA-ON','CA-QC','CR','NI','PA','US-CAL-BANC','US-CAL-CISO','US-CAL-IID','US-CAL-LDWP','US-CAL-TIDC','US-CAR-CPLE','US-CAR-CPLW','US-CAR-DUK','US-CAR-SC','US-CAR-SCEG','US-CAR-YAD','US-CENT-SPA','US-CENT-SWPP','US-FLA-FMPP','US-FLA-FPC','US-FLA-FPL','US-FLA-GVL','US-FLA-JEA','US-FLA-SEC','US-FLA-TAL','US-FLA-TEC','US-HI-OA','US-MIDA-PJM','US-MIDW-AECI','US-MIDW-LGEE','US-MIDW-MISO','US-NE-ISNE','US-NW-AVA','US-NW-BPAT','US-NW-CHPD','US-NW-DOPD','US-NW-GCPD','US-NW-GRID','US-NW-IPCO','US-NW-NEVP','US-NW-NWMT','US-NW-PACE','US-NW-PACW','US-NW-PGE','US-NW-PSCO','US-NW-PSEI','US-NW-SCL','US-NW-TPWR','US-NW-WACM','US-NW-WAUW','US-NY-NYIS','US-SE-SOCO','US-SW-AZPS','US-SW-EPE','US-SW-PNM','US-SW-SRP','US-SW-TEPC','US-SW-WALC','US-TEN-TVA','US-TEX-ERCO')
us-west1-b;GCP;Amérique du Nord;The Dalles, Oregon, Amérique du Nord;US-OR;The Dalles;('CA-ON','CA-QC','CR','NI','PA','US-CAL-BANC','US-CAL-CISO','US-CAL-IID','US-CAL-LDWP','US-CAL-TIDC','US-CAR-CPLE','US-CAR-CPLW','US-CAR-DUK','US-CAR-SC','US-CAR-SCEG','US-CAR-YAD','US-CENT-SPA','US-CENT-SWPP','US-FLA-FMPP','US-FLA-FPC','US-FLA-FPL','US-FLA-GVL','US-FLA-JEA','US-FLA-SEC','US-FLA-TAL','US-FLA-TEC','US-HI-OA','US-MIDA-PJM','US-MIDW-AECI','US-MIDW-LGEE','US-MIDW-MISO','US-NE-ISNE','US-NW-AVA','US-NW-BPAT','US-NW-CHPD','US-NW-DOPD','US-NW-GCPD','US-NW-GRID','US-NW-IPCO','US-NW-NEVP','US-NW-NWMT','US-NW-PACE','US-NW-PACW','US-NW-PGE','US-NW-PSCO','US-NW-PSEI','US-NW-SCL','US-NW-TPWR','US-NW-WACM','US-NW-WAUW','US-NY-NYIS','US-SE-SOCO','US-SW-AZPS','US-SW-EPE','US-SW-PNM','US-SW-SRP','US-SW-TEPC','US-SW-WALC','US-TEN-TVA','US-TEX-ERCO')
us-west1-c;GCP;Amérique du Nord;The Dalles, Oregon, Amérique du Nord;US-OR;The Dalles;('CA-ON','CA-QC','CR','NI','PA','US-CAL-BANC','US-CAL-CISO','US-CAL-IID','US-CAL-LDWP','US-CAL-TIDC','US-CAR-CPLE','US-CAR-CPLW','US-CAR-DUK','US-CAR-SC','US-CAR-SCEG','US-CAR-YAD','US-CENT-SPA','US-CENT-SWPP','US-FLA-FMPP','US-FLA-FPC','US-FLA-FPL','US-FLA-GVL','US-FLA-JEA','US-FLA-SEC','US-FLA-TAL','US-FLA-TEC','US-HI-OA','US-MIDA-PJM','US-MIDW-AECI','US-MIDW-LGEE','US-MIDW-MISO','US-NE-ISNE','US-NW-AVA','US-NW-BPAT','US-NW-CHPD','US-NW-DOPD','US-NW-GCPD','US-NW-GRID','US-NW-IPCO','US-NW-NEVP','US-NW-NWMT','US-NW-PACE','US-NW-PACW','US-NW-PGE','US-NW-PSCO','US-NW-PSEI','US-NW-SCL','US-NW-TPWR','US-NW-WACM','US-NW-WAUW','US-NY-NYIS','US-SE-SOCO','US-SW-AZPS','US-SW-EPE','US-SW-PNM','US-SW-SRP','US-SW-TEPC','US-SW-WALC','US-TEN-TVA','US-TEX-ERCO')
us-west2-a;GCP;Amérique du Nord;Los Angeles, Californie, Amérique du Nord;US-CA;Los Angeles;('CA-ON','CA-QC','CR','NI','PA','US-CAL-BANC','US-CAL-CISO','US-CAL-IID','US-CAL-LDWP','US-CAL-TIDC','US-CAR-CPLE','US-CAR-CPLW','US-CAR-DUK','US-CAR-SC','US-CAR-SCEG','US-CAR-YAD','US-CENT-SPA','US-CENT-SWPP','US-FLA-FMPP','US-FLA-FPC','US-FLA-FPL','US-FLA-GVL','US-FLA-JEA','US-FLA-SEC','US-FLA-TAL','US-FLA-TEC','US-HI-OA','US-MIDA-PJM','US-MIDW-AECI','US-MIDW-LGEE','US-MIDW-MISO','US-NE-ISNE','US-NW-AVA','US-NW-BPAT','US-NW-CHPD','US-NW-DOPD','US-NW-GCPD','US-NW-GRID','US-NW-IPCO','US-NW-NEVP','US-NW-NWMT','US-NW-PACE','US-NW-PACW','US-NW-PGE','US-NW-PSCO','US-NW-PSEI','US-NW-SCL','US-NW-TPWR','US-NW-WACM','US-NW-WAUW','US-NY-NYIS','US-SE-SOCO','US-SW-AZPS','US-SW-EPE','US-SW-PNM','US-SW-SRP','US-SW-TEPC','US-SW-WALC','US-TEN-TVA','US-TEX-ERCO')
us-west2-b;GCP;Amérique du Nord;Los Angeles, Californie, Amérique du Nord;US-CA;Los Angeles;('CA-ON','CA-QC','CR','NI','PA','US-CAL-BANC','US-CAL-CISO','US-CAL-IID','US-CAL-LDWP','US-CAL-TIDC','US-CAR-CPLE','US-CAR-CPLW','US-CAR-DUK','US-CAR-SC','US-CAR-SCEG','US-CAR-YAD','US-CENT-SPA','US-CENT-SWPP','US-FLA-FMPP','US-FLA-FPC','US-FLA-FPL','US-FLA-GVL','US-FLA-JEA','US-FLA-SEC','US-FLA-TAL','US-FLA-TEC','US-HI-OA','US-MIDA-PJM','US-MIDW-AECI','US-MIDW-LGEE','US-MIDW-MISO','US-NE-ISNE','US-NW-AVA','US-NW-BPAT','US-NW-CHPD','US-NW-DOPD','US-NW-GCPD','US-NW-GRID','US-NW-IPCO','US-NW-NEVP','US-NW-NWMT','US-NW-PACE','US-NW-PACW','US-NW-PGE','US-NW-PSCO','US-NW-PSEI','US-NW-SCL','US-NW-TPWR','US-NW-WACM','US-NW-WAUW','US-NY-NYIS','US-SE-SOCO','US-SW-AZPS','US-SW-EPE','US-SW-PNM','US-SW-SRP','US-SW-TEPC','US-SW-WALC','US-TEN-TVA','US-TEX-ERCO')
us-west2-c;GCP;Amérique du Nord;Los Angeles, Californie, Amérique du Nord;US-CA;Los Angeles;('CA-ON','CA-QC','CR','NI','PA','US-CAL-BANC','US-CAL-CISO','US-CAL-IID','US-CAL-LDWP','US-CAL-TIDC','US-CAR-CPLE','US-CAR-CPLW','US-CAR-DUK','US-CAR-SC','US-CAR-SCEG','US-CAR-YAD','US-CENT-SPA','US-CENT-SWPP','US-FLA-FMPP','US-FLA-FPC','US-FLA-FPL','US-FLA-GVL','US-FLA-JEA','US-FLA-SEC','US-FLA-TAL','US-FLA-TEC','US-HI-OA','US-MIDA-PJM','US-MIDW-AECI','US-MIDW-LGEE','US-MIDW-MISO','US-NE-ISNE','US-NW-AVA','US-NW-BPAT','US-NW-CHPD','US-NW-DOPD','US-NW-GCPD','US-NW-GRID','US-NW-IPCO','US-NW-NEVP','US-NW-NWMT','US-NW-PACE','US-NW-PACW','US-NW-PGE','US-NW-PSCO','US-NW-PSEI','US-NW-SCL','US-NW-TPWR','US-NW-WACM','US-NW-WAUW','US-NY-NYIS','US-SE-SOCO','US-SW-AZPS','US-SW-EPE','US-SW-PNM','US-SW-SRP','US-SW-TEPC','US-SW-WALC','US-TEN-TVA','US-TEX-ERCO')
us-west3-a;GCP;Amérique du Nord;Salt Lake City, Utah, Amérique du Nord;US-UT;Salt Lake City;('CA-ON','CA-QC','CR','NI','PA','US-CAL-BANC','US-CAL-CISO','US-CAL-IID','US-CAL-LDWP','US-CAL-TIDC','US-CAR-CPLE','US-CAR-CPLW','US-CAR-DUK','US-CAR-SC','US-CAR-SCEG','US-CAR-YAD','US-CENT-SPA','US-CENT-SWPP','US-FLA-FMPP','US-FLA-FPC','US-FLA-FPL','US-FLA-GVL','US-FLA-JEA','US-FLA-SEC','US-FLA-TAL','US-FLA-TEC','US-HI-OA','US-MIDA-PJM','US-MIDW-AECI','US-MIDW-LGEE','US-MIDW-MISO','US-NE-ISNE','US-NW-AVA','US-NW-BPAT','US-NW-CHPD','US-NW-DOPD','US-NW-GCPD','US-NW-GRID','US-NW-IPCO','US-NW-NEVP','US-NW-NWMT','US-NW-PACE','US-NW-PACW','US-NW-PGE','US-NW-PSCO','US-NW-PSEI','US-NW-SCL','US-NW-TPWR','US-NW-WACM','US-NW-WAUW','US-NY-NYIS','US-SE-SOCO','US-SW-AZPS','US-SW-EPE','US-SW-PNM','US-SW-SRP','US-SW-TEPC','US-SW-WALC','US-TEN-TVA','US-TEX-ERCO')
us-west3-b;GCP;Amérique du Nord;Salt Lake City, Utah, Amérique du Nord;US-UT;Salt Lake City;('CA-ON','CA-QC','CR','NI','PA','US-CAL-BANC','US-CAL-CISO','US-CAL-IID','US-CAL-LDWP','US-CAL-TIDC','US-CAR-CPLE','US-CAR-CPLW','US-CAR-DUK','US-CAR-SC','US-CAR-SCEG','US-CAR-YAD','US-CENT-SPA','US-CENT-SWPP','US-FLA-FMPP','US-FLA-FPC','US-FLA-FPL','US-FLA-GVL','US-FLA-JEA','US-FLA-SEC','US-FLA-TAL','US-FLA-TEC','US-HI-OA','US-MIDA-PJM','US-MIDW-AECI','US-MIDW-LGEE','US-MIDW-MISO','US-NE-ISNE','US-NW-AVA','US-NW-BPAT','US-NW-CHPD','US-NW-DOPD','US-NW-GCPD','US-NW-GRID','US-NW-IPCO','US-NW-NEVP','US-NW-NWMT','US-NW-PACE','US-NW-PACW','US-NW-PGE','US-NW-PSCO','US-NW-PSEI','US-NW-SCL','US-NW-TPWR','US-NW-WACM','US-NW-WAUW','US-NY-NYIS','US-SE-SOCO','US-SW-AZPS','US-SW-EPE','US-SW-PNM','US-SW-SRP','US-SW-TEPC','US-SW-WALC','US-TEN-TVA','US-TEX-ERCO')
us-west3-c;GCP;Amérique du Nord;Salt Lake City, Utah, Amérique du Nord;US-UT;Salt Lake City;('CA-ON','CA-QC','CR','NI','PA','US-CAL-BANC','US-CAL-CISO','US-CAL-IID','US-CAL-LDWP','US-CAL-TIDC','US-CAR-CPLE','US-CAR-CPLW','US-CAR-DUK','US-CAR-SC','US-CAR-SCEG','US-CAR-YAD','US-CENT-SPA','US-CENT-SWPP','US-FLA-FMPP','US-FLA-FPC','US-FLA-FPL','US-FLA-GVL','US-FLA-JEA','US-FLA-SEC','US-FLA-TAL','US-FLA-TEC','US-HI-OA','US-MIDA-PJM','US-MIDW-AECI','US-MIDW-LGEE','US-MIDW-MISO','US-NE-ISNE','US-NW-AVA','US-NW-BPAT','US-NW-CHPD','US-NW-DOPD','US-NW-GCPD','US-NW-GRID','US-NW-IPCO','US-NW-NEVP','US-NW-NWMT','US-NW-PACE','US-NW-PACW','US-NW-PGE','US-NW-PSCO','US-NW-PSEI','US-NW-SCL','US-NW-TPWR','US-NW-WACM','US-NW-WAUW','US-NY-NYIS','US-SE-SOCO','US-SW-AZPS','US-SW-EPE','US-SW-PNM','US-SW-SRP','US-SW-TEPC','US-SW-WALC','US-TEN-TVA','US-TEX-ERCO')
us-west4-a;GCP;Amérique du Nord;Las Vegas, Nevada, Amérique du Nord;US-NV;Las Vegas;('CA-ON','CA-QC','CR','NI','PA','US-CAL-BANC','US-CAL-CISO','US-CAL-IID','US-CAL-LDWP','US-CAL-TIDC','US-CAR-CPLE','US-CAR-CPLW','US-CAR-DUK','US-CAR-SC','US-CAR-SCEG','US-CAR-YAD','US-CENT-SPA','US-CENT-SWPP','US-FLA-FMPP','US-FLA-FPC','US-FLA-FPL','US-FLA-GVL','US-FLA-JEA','US-FLA-SEC','US-FLA-TAL','US-FLA-TEC','US-HI-OA','US-MIDA-PJM','US-MIDW-AECI','US-MIDW-LGEE','US-MIDW-MISO','US-NE-ISNE','US-NW-AVA','US-NW-BPAT','US-NW-CHPD','US-NW-DOPD','US-NW-GCPD','US-NW-GRID','US-NW-IPCO','US-NW-NEVP','US-NW-NWMT','US-NW-PACE','US-NW-PACW','US-NW-PGE','US-NW-PSCO','US-NW-PSEI','US-NW-SCL','US-NW-TPWR','US-NW-WACM','US-NW-WAUW','US-NY-NYIS','US-SE-SOCO','US-SW-AZPS','US-SW-EPE','US-SW-PNM','US-SW-SRP','US-SW-TEPC','US-SW-WALC','US-TEN-TVA','US-TEX-ERCO')
us-west4-b;GCP;Amérique du Nord;Las Vegas, Nevada, Amérique du Nord;US-NV;Las Vegas;('CA-ON','CA-QC','CR','NI','PA','US-CAL-BANC','US-CAL-CISO','US-CAL-IID','US-CAL-LDWP','US-CAL-TIDC','US-CAR-CPLE','US-CAR-CPLW','US-CAR-DUK','US-CAR-SC','US-CAR-SCEG','US-CAR-YAD','US-CENT-SPA','US-CENT-SWPP','US-FLA-FMPP','US-FLA-FPC','US-FLA-FPL','US-FLA-GVL','US-FLA-JEA','US-FLA-SEC','US-FLA-TAL','US-FLA-TEC','US-HI-OA','US-MIDA-PJM','US-MIDW-AECI','US-MIDW-LGEE','US-MIDW-MISO','US-NE-ISNE','US-NW-AVA','US-NW-BPAT','US-NW-CHPD','US-NW-DOPD','US-NW-GCPD','US-NW-GRID','US-NW-IPCO','US-NW-NEVP','US-NW-NWMT','US-NW-PACE','US-NW-PACW','US-NW-PGE','US-NW-PSCO','US-NW-PSEI','US-NW-SCL','US-NW-TPWR','US-NW-WACM','US-NW-WAUW','US-NY-NYIS','US-SE-SOCO','US-SW-AZPS','US-SW-EPE','US-SW-PNM','US-SW-SRP','US-SW-TEPC','US-SW-WALC','US-TEN-TVA','US-TEX-ERCO')
us-west4-c;GCP;Amérique du Nord;Las Vegas, Nevada, Amérique du Nord;US-NV;Las Vegas;('CA-ON','CA-QC','CR','NI','PA','US-CAL-BANC','US-CAL-CISO','US-CAL-IID','US-CAL-LDWP','US-CAL-TIDC','US-CAR-CPLE','US-CAR-CPLW','US-CAR-DUK','US-CAR-SC','US-CAR-SCEG','US-CAR-YAD','US-CENT-SPA','US-CENT-SWPP','US-FLA-FMPP','US-FLA-FPC','US-FLA-FPL','US-FLA-GVL','US-FLA-JEA','US-FLA-SEC','US-FLA-TAL','US-FLA-TEC','US-HI-OA','US-MIDA-PJM','US-MIDW-AECI','US-MIDW-LGEE','US-MIDW-MISO','US-NE-ISNE','US-NW-AVA','US-NW-BPAT','US-NW-CHPD','US-NW-DOPD','US-NW-GCPD','US-NW-GRID','US-NW-IPCO','US-NW-NEVP','US-NW-NWMT','US-NW-PACE','US-NW-PACW','US-NW-PGE','US-NW-PSCO','US-NW-PSEI','US-NW-SCL','US-NW-TPWR','US-NW-WACM','US-NW-WAUW','US-NY-NYIS','US-SE-SOCO','US-SW-AZPS','US-SW-EPE','US-SW-PNM','US-SW-SRP','US-SW-TEPC','US-SW-WALC','US-TEN-TVA','US-TEX-ERCO')
eastus;Azure;Amérique;(US) East US;US-VA;Richmond;('BR-CS','BR-N','BR-NE','BR-S','CL-SEN','PE','UY','CA-ON','CA-QC','CR','NI','PA','US-CAL-BANC','US-CAL-CISO','US-CAL-IID','US-CAL-LDWP','US-CAL-TIDC','US-CAR-CPLE','US-CAR-CPLW','US-CAR-DUK','US-CAR-SC','US-CAR-SCEG','US-CAR-YAD','US-CENT-SPA','US-CENT-SWPP','US-FLA-FMPP','US-FLA-FPC','US-FLA-FPL','US-FLA-GVL','US-FLA-JEA','US-FLA-SEC','US-FLA-TAL','US-FLA-TEC','US-HI-OA','US-MIDA-PJM','US-MIDW-AECI','US-MIDW-LGEE','US-MIDW-MISO','US-NE-ISNE','US-NW-AVA','US-NW-BPAT','US-NW-CHPD','US-NW-DOPD','US-NW-GCPD','US-NW-GRID','US-NW-IPCO','US-NW-NEVP','US-NW-NWMT','US-NW-PACE','US-NW-PACW','US-NW-PGE','US-NW-PSCO','US-NW-PSEI','US-NW-SCL','US-NW-TPWR','US-NW-WACM','US-NW-WAUW','US-NY-NYIS','US-SE-SOCO','US-SW-AZPS','US-SW-EPE','US-SW-PNM','US-SW-SRP','US-SW-TEPC','US-SW-WALC','US-TEN-TVA','US-TEX-ERCO')
eastus2;Azure;Amérique;(US) East US 2;US-VA;Richmond;('BR-CS','BR-N','BR-NE','BR-S','CL-SEN','PE','UY','CA-ON','CA-QC','CR','NI','PA','US-CAL-BANC','US-CAL-CISO','US-CAL-IID','US-CAL-LDWP','US-CAL-TIDC','US-CAR-CPLE','US-CAR-CPLW','US-CAR-DUK','US-CAR-SC','US-CAR-SCEG','US-CAR-YAD','US-CENT-SPA','US-CENT-SWPP','US-FLA-FMPP','US-FLA-FPC','US-FLA-FPL','US-FLA-GVL','US-FLA-JEA','US-FLA-SEC','US-FLA-TAL','US-FLA-TEC','US-HI-OA','US-MIDA-PJM','US-MIDW-AECI','US-MIDW-LGEE','US-MIDW-MISO','US-NE-ISNE','US-NW-AVA','US-NW-BPAT','US-NW-CHPD','US-NW-DOPD','US-NW-GCPD','US-NW-GRID','US-NW-IPCO','US-NW-NEVP','US-NW-NWMT','US-NW-PACE','US-NW-PACW','US-NW-PGE','US-NW-PSCO','US-NW-PSEI','US-NW-SCL','US-NW-TPWR','US-NW-WACM','US-NW-WAUW','US-NY-NYIS','US-SE-SOCO','US-SW-AZPS','US-SW-EPE','US-SW-PNM','US-SW-SRP','US-SW-TEPC','US-SW-WALC','US-TEN-TVA','US-TEX-ERCO')
southcentralus;Azure;Amérique;(US) South Central US;US-TX;Dallas;('BR-CS','BR-N','BR-NE','BR-S','CL-SEN','PE','UY','CA-ON','CA-QC','CR','NI','PA','US-CAL-BANC','US-CAL-CISO','US-CAL-IID','US-CAL-LDWP','US-CAL-TIDC','US-CAR-CPLE','US-CAR-CPLW','US-CAR-DUK','US-CAR-SC','US-CAR-SCEG','US-CAR-YAD','US-CENT-SPA','US-CENT-SWPP','US-FLA-FMPP','US-FLA-FPC','US-FLA-FPL','US-FLA-GVL','US-FLA-JEA','US-FLA-SEC','US-FLA-TAL','US-FLA-TEC','US-HI-OA','US-MIDA-PJM','US-MIDW-AECI','US-MIDW-LGEE','US-MIDW-MISO','US-NE-ISNE','US-NW-AVA','US-NW-BPAT','US-NW-CHPD','US-NW-DOPD','US-NW-GCPD','US-NW-GRID','US-NW-IPCO','US-NW-NEVP','US-NW-NWMT','US-NW-PACE','US-NW-PACW','US-NW-PGE','US-NW-PSCO','US-NW-PSEI','US-NW-SCL','US-NW-TPWR','US-NW-WACM','US-NW-WAUW','US-NY-NYIS','US-SE-SOCO','US-SW-AZPS','US-SW-EPE','US-SW-PNM','US-SW-SRP','US-SW-TEPC','US-SW-WALC','US-TEN-TVA','US-TEX-ERCO')
westus;Azure;Amérique;(US) West US;US-CA;Sacramento;('BR-CS','BR-N','BR-NE','BR-S','CL-SEN','PE','UY','CA-ON','CA-QC','CR','NI','PA','US-CAL-BANC','US-CAL-CISO','US-CAL-IID','US-CAL-LDWP','US-CAL-TIDC','US-CAR-CPLE','US-CAR-CPLW','US-CAR-DUK','US-CAR-SC','US-CAR-SCEG','US-CAR-YAD','US-CENT-SPA','US-CENT-SWPP','US-FLA-FMPP','US-FLA-FPC','US-FLA-FPL','US-FLA-GVL','US-FLA-JEA','US-FLA-SEC','US-FLA-TAL','US-FLA-TEC','US-HI-OA','US-MIDA-PJM','US-MIDW-AECI','US-MIDW-LGEE','US-MIDW-MISO','US-NE-ISNE','US-NW-AVA','US-NW-BPAT','US-NW-CHPD','US-NW-DOPD','US-NW-GCPD','US-NW-GRID','US-NW-IPCO','US-NW-NEVP','US-NW-NWMT','US-NW-PACE','US-NW-PACW','US-NW-PGE','US-NW-PSCO','US-NW-PSEI','US-NW-SCL','US-NW-TPWR','US-NW-WACM','US-NW-WAUW','US-NY-NYIS','US-SE-SOCO','US-SW-AZPS','US-SW-EPE','US-SW-PNM','US-SW-SRP','US-SW-TEPC','US-SW-WALC','US-TEN-TVA','US-TEX-ERCO')
westus2;Azure;Amérique;(US) West US 2;US-WA;Olympia;('BR-CS','BR-N','BR-NE','BR-S','CL-SEN','PE','UY','CA-ON','CA-QC','CR','NI','PA','US-CAL-BANC','US-CAL-CISO','US-CAL-IID','US-CAL-LDWP','US-CAL-TIDC','US-CAR-CPLE','US-CAR-CPLW','US-CAR-DUK','US-CAR-SC','US-CAR-SCEG','US-CAR-YAD','US-CENT-SPA','US-CENT-SWPP','US-FLA-FMPP','US-FLA-FPC','US-FLA-FPL','US-FLA-GVL','US-FLA-JEA','US-FLA-SEC','US-FLA-TAL','US-FLA-TEC','US-HI-OA','US-MIDA-PJM','US-MIDW-AECI','US-MIDW-LGEE','US-MIDW-MISO','US-NE-ISNE','US-NW-AVA','US-NW-BPAT','US-NW-CHPD','US-NW-DOPD','US-NW-GCPD','US-NW-GRID','US-NW-IPCO','US-NW-NEVP','US-NW-NWMT','US-NW-PACE','US-NW-PACW','US-NW-PGE','US-NW-PSCO','US-NW-PSEI','US-NW-SCL','US-NW-TPWR','US-NW-WACM','US-NW-WAUW','US-NY-NYIS','US-SE-SOCO','US-SW-AZPS','US-SW-EPE','US-SW-PNM','US-SW-SRP','US-SW-TEPC','US-SW-WALC','US-TEN-TVA','US-TEX-ERCO')
westus3;Azure;Amérique;(US) West US 3;US-AZ;Phoenix;('BR-CS','BR-N','BR-NE','BR-S','CL-SEN','PE','UY','CA-ON','CA-QC','CR','NI','PA','US-CAL-BANC','US-CAL-CISO','US-CAL-IID','US-CAL-LDWP','US-CAL-TIDC','US-CAR-CPLE','US-CAR-CPLW','US-CAR-DUK','US-CAR-SC','US-CAR-SCEG','US-CAR-YAD','US-CENT-SPA','US-CENT-SWPP','US-FLA-FMPP','US-FLA-FPC','US-FLA-FPL','US-FLA-GVL','US-FLA-JEA','US-FLA-SEC','US-FLA-TAL','US-FLA-TEC','US-HI-OA','US-MIDA-PJM','US-MIDW-AECI','US-MIDW-LGEE','US-MIDW-MISO','US-NE-ISNE','US-NW-AVA','US-NW-BPAT','US-NW-CHPD','US-NW-DOPD','US-NW-GCPD','US-NW-GRID','US-NW-IPCO','US-NW-NEVP','US-NW-NWMT','US-NW-PACE','US-NW-PACW','US-NW-PGE','US-NW-PSCO','US-NW-PSEI','US-NW-SCL','US-NW-TPWR','US-NW-WACM','US-NW-WAUW','US-NY-NYIS','US-SE-SOCO','US-SW-AZPS','US-SW-EPE','US-SW-PNM','US-SW-SRP','US-SW-TEPC','US-SW-WALC','US-TEN-TVA','US-TEX-ERCO')
centralus;Azure;Amérique;(US) Central US;US-IA;Des Moines;('BR-CS','BR-N','BR-NE','BR-S','CL-SEN','PE','UY','CA-ON','CA-QC','CR','NI','PA','US-CAL-BANC','US-CAL-CISO','US-CAL-IID','US-CAL-LDWP','US-CAL-TIDC','US-CAR-CPLE','US-CAR-CPLW','US-CAR-DUK','US-CAR-SC','US-CAR-SCEG','US-CAR-YAD','US-CENT-SPA','US-CENT-SWPP','US-FLA-FMPP','US-FLA-FPC','US-FLA-FPL','US-FLA-GVL','US-FLA-JEA','US-FLA-SEC','US-FLA-TAL','US-FLA-TEC','US-HI-OA','US-MIDA-PJM','US-MIDW-AECI','US-MIDW-LGEE','US-MIDW-MISO','US-NE-ISNE','US-NW-AVA','US-NW-BPAT','US-NW-CHPD','US-NW-DOPD','US-NW-GCPD','US-NW-GRID','US-NW-IPCO','US-NW-NEVP','US-NW-NWMT','US-NW-PACE','US-NW-PACW','US-NW-PGE','US-NW-PSCO','US-NW-PSEI','US-NW-SCL','US-NW-TPWR','US-NW-WACM','US-NW-WAUW','US-NY-NYIS','US-SE-SOCO','US-SW-AZPS','US-SW-EPE','US-SW-PNM','US-SW-SRP','US-SW-TEPC','US-SW-WALC','US-TEN-TVA','US-TEX-ERCO')
westcentralus;Azure;Amérique;(US) West Central US;US-WY;Cheyenne;('BR-CS','BR-N','BR-NE','BR-S','CL-SEN','PE','UY','CA-ON','CA-QC','CR','NI','PA','US-CAL-BANC','US-CAL-CISO','US-CAL-IID','US-CAL-LDWP','US-CAL-TIDC','US-CAR-CPLE','US-CAR-CPLW','US-CAR-DUK','US-CAR-SC','US-CAR-SCEG','US-CAR-YAD','US-CENT-SPA','US-CENT-SWPP','US-FLA-FMPP','US-FLA-FPC','US-FLA-FPL','US-FLA-GVL','US-FLA-JEA','US-FLA-SEC','US-FLA-TAL','US-FLA-TEC','US-HI-OA','US-MIDA-PJM','US-MIDW-AECI','US-MIDW-LGEE','US-MIDW-MISO','US-NE-ISNE','US-NW-AVA','US-NW-BPAT','US-NW-CHPD','US-NW-DOPD','US-NW-GCPD','US-NW-GRID','US-NW-IPCO','US-NW-NEVP','US-NW-NWMT','US-NW-PACE','US-NW-PACW','US-NW-PGE','US-NW-PSCO','US-NW-PSEI','US-NW-SCL','US-NW-TPWR','US-NW-WACM','US-NW-WAUW','US-NY-NYIS','US-SE-SOCO','US-SW-AZPS','US-SW-EPE','US-SW-PNM','US-SW-SRP','US-SW-TEPC','US-SW-WALC','US-TEN-TVA','US-TEX-ERCO')
northcentralus;Azure;Amérique;(US) North Central US;US-IL;Springfield;('BR-CS','BR-N','BR-NE','BR-S','CL-SEN','PE','UY','CA-ON','CA-QC','CR','NI','PA','US-CAL-BANC','US-CAL-CISO','US-CAL-IID','US-CAL-LDWP','US-CAL-TIDC','US-CAR-CPLE','US-CAR-CPLW','US-CAR-DUK','US-CAR-SC','US-CAR-SCEG','US-CAR-YAD','US-CENT-SPA','US-CENT-SWPP','US-FLA-FMPP','US-FLA-FPC','US-FLA-FPL','US-FLA-GVL','US-FLA-JEA','US-FLA-SEC','US-FLA-TAL','US-FLA-TEC','US-HI-OA','US-MIDA-PJM','US-MIDW-AECI','US-MIDW-LGEE','US-MIDW-MISO','US-NE-ISNE','US-NW-AVA','US-NW-BPAT','US-NW-CHPD','US-NW-DOPD','US-NW-GCPD','US-NW-GRID','US-NW-IPCO','US-NW-NEVP','US-NW-NWMT','US-NW-PACE','US-NW-PACW','US-NW-PGE','US-NW-PSCO','US-NW-PSEI','US-NW-SCL','US-NW-TPWR','US-NW-WACM','US-NW-WAUW','US-NY-NYIS','US-SE-SOCO','US-SW-AZPS','US-SW-EPE','US-SW-PNM','US-SW-SRP','US-SW-TEPC','US-SW-WALC','US-TEN-TVA','US-TEX-ERCO')
canadacentral;Azure;Amérique;(Canada) Canada Central;CA-ON;Toronto;('BR-CS','BR-N','BR-NE','BR-S','CL-SEN','PE','UY','CA-ON','CA-QC','CR','NI','PA','US-CAL-BANC','US-CAL-CISO','US-CAL-IID','US-CAL-LDWP','US-CAL-TIDC','US-CAR-CPLE','US-CAR-CPLW','US-CAR-DUK','US-CAR-SC','US-CAR-SCEG','US-CAR-YAD','US-CENT-SPA','US-CENT-SWPP','US-FLA-FMPP','US-FLA-FPC','US-FLA-FPL','US-FLA-GVL','US-FLA-JEA','US-FLA-SEC','US-FLA-TAL','US-FLA-TEC','US-HI-OA','US-MIDA-PJM','US-MIDW-AECI','US-MIDW-LGEE','US-MIDW-MISO','US-NE-ISNE','US-NW-AVA','US-NW-BPAT','US-NW-CHPD','US-NW-DOPD','US-NW-GCPD','US-NW-GRID','US-NW-IPCO','US-NW-NEVP','US-NW-NWMT','US-NW-PACE','US-NW-PACW','US-NW-PGE','US-NW-PSCO','US-NW-PSEI','US-NW-SCL','US-NW-TPWR','US-NW-WACM','US-NW-WAUW','US-NY-NYIS','US-SE-SOCO','US-SW-AZPS','US-SW-EPE','US-SW-PNM','US-SW-SRP','US-SW-TEPC','US-SW-WALC','US-TEN-TVA','US-TEX-ERCO')
canadaeast;Azure;Amérique;(Canada) Canada East;CA-QC;Montréal;('BR-CS','BR-N','BR-NE','BR-S','CL-SEN','PE','UY','CA-ON','CA-QC','CR','NI','PA','US-CAL-BANC','US-CAL-CISO','US-CAL-IID','US-CAL-LDWP','US-CAL-TIDC','US-CAR-CPLE','US-CAR-CPLW','US-CAR-DUK','US-CAR-SC','US-CAR-SCEG','US-CAR-YAD','US-CENT-SPA','US-CENT-SWPP','US-FLA-FMPP','US-FLA-FPC','US-FLA-FPL','US-FLA-GVL','US-FLA-JEA','US-FLA-SEC','US-FLA-TAL','US-FLA-TEC','US-HI-OA','US-MIDA-PJM','US-MIDW-AECI','US-MIDW-LGEE','US-MIDW-MISO','US-NE-ISNE','US-NW-AVA','US-NW-BPAT','US-NW-CHPD','US-NW-DOPD','US-NW-GCPD','US-NW-GRID','US-NW-IPCO','US-NW-NEVP','US-NW-NWMT','US-NW-PACE','US-NW-PACW','US-NW-PGE','US-NW-PSCO','US-NW-PSEI','US-NW-SCL','US-NW-TPWR','US-NW-WACM','US-NW-WAUW','US-NY-NYIS','US-SE-SOCO','US-SW-AZPS','US-SW-EPE','US-SW-PNM','US-SW-SRP','US-SW-TEPC','US-SW-WALC','US-TEN-TVA','US-TEX-ERCO')
brazilsouth;Azure;Amérique;(South America) Brazil South;BR-SP;São Paulo;('BR-CS','BR-N','BR-NE','BR-S','CL-SEN','PE','UY','CA-ON','CA-QC','CR','NI','PA','US-CAL-BANC','US-CAL-CISO','US-CAL-IID','US-CAL-LDWP','US-CAL-TIDC','US-CAR-CPLE','US-CAR-CPLW','US-CAR-DUK','US-CAR-SC','US-CAR-SCEG','US-CAR-YAD','US-CENT-SPA','US-CENT-SWPP','US-FLA-FMPP','US-FLA-FPC','US-FLA-FPL','US-FLA-GVL','US-FLA-JEA','US-FLA-SEC','US-FLA-TAL','US-FLA-TEC','US-HI-OA','US-MIDA-PJM','US-MIDW-AECI','US-MIDW-LGEE','US-MIDW-MISO','US-NE-ISNE','US-NW-AVA','US-NW-BPAT','US-NW-CHPD','US-NW-DOPD','US-NW-GCPD','US-NW-GRID','US-NW-IPCO','US-NW-NEVP','US-NW-NWMT','US-NW-PACE','US-NW-PACW','US-NW-PGE','US-NW-PSCO','US-NW-PSEI','US-NW-SCL','US-NW-TPWR','US-NW-WACM','US-NW-WAUW','US-NY-NYIS','US-SE-SOCO','US-SW-AZPS','US-SW-EPE','US-SW-PNM','US-SW-SRP','US-SW-TEPC','US-SW-WALC','US-TEN-TVA','US-TEX-ERCO')
germanywestcentral;Azure;Europe;(Europe) Germany West Central;DE-HE;Francfort;('AT','BA','BE','BG','CH','CY','CZ','DE','DK-BHM','DK-DK1','DK-DK2','EE','ES','FI','FR','GB','GB-NIR','GR','HR','HU','IE','IS','IT-CNO','IT-CSO','IT-NO','IT-SAR','IT-SIC','IT-SO','LT','LU','LV','NL','NO-NO1','NO-NO2','NO-NO3','NO-NO4','NO-NO5','PL','PT','RO','RS','SE-SE1','SE-SE2','SE-SE3','SE-SE4','SI','SK','TR')
northeurope;Azure;Europe;(Europe) North Europe;IE-D;Dublin;('AT','BA','BE','BG','CH','CY','CZ','DE','DK-BHM','DK-DK1','DK-DK2','EE','ES','FI','FR','GB','GB-NIR','GR','HR','HU','IE','IS','IT-CNO','IT-CSO','IT-NO','IT-SAR','IT-SIC','IT-SO','LT','LU','LV','NL','NO-NO1','NO-NO2','NO-NO3','NO-NO4','NO-NO5','PL','PT','RO','RS','SE-SE1','SE-SE2','SE-SE3','SE-SE4','SI','SK','TR')
westeurope;Azure;Europe;(Europe) West Europe;NL-NH;Amsterdam;('AT','BA','BE','BG','CH','CY','CZ','DE','DK-BHM','DK-DK1','DK-DK2','EE','ES','FI','FR','GB','GB-NIR','GR','HR','HU','IE','IS','IT-CNO','IT-CSO','IT-NO','IT-SAR','IT-SIC','IT-SO','LT','LU','LV','NL','NO-NO1','NO-NO2','NO-NO3','NO-NO4','NO-NO5','PL','PT','RO','RS','SE-SE1','SE-SE2','SE-SE3','SE-SE4','SI','SK','TR')
francecentral;Azure;Europe;(Europe) France Central;FR-IDF;Paris;('AT','BA','BE','BG','CH','CY','CZ','DE','DK-BHM','DK-DK1','DK-DK2','EE','ES','FI','FR','GB','GB-NIR','GR','HR','HU','IE','IS','IT-CNO','IT-CSO','IT-NO','IT-SAR','IT-SIC','IT-SO','LT','LU','LV','NL','NO-NO1','NO-NO2','NO-NO3','NO-NO4','NO-NO5','PL','PT','RO','RS','SE-SE1','SE-SE2','SE-SE3','SE-SE4','SI','SK','TR')
italynorth;Azure;Europe;(Europe) Italy North;IT-25;Milan;('AT','BA','BE','BG','CH','CY','CZ','DE','DK-BHM','DK-DK1','DK-DK2','EE','ES','FI','FR','GB','GB-NIR','GR','HR','HU','IE','IS','IT-CNO','IT-CSO','IT-NO','IT-SAR','IT-SIC','IT-SO','LT','LU','LV','NL','NO-NO1','NO-NO2','NO-NO3','NO-NO4','NO-NO5','PL','PT','RO','RS','SE-SE1','SE-SE2','SE-SE3','SE-SE4','SI','SK','TR')
norwayeast;Azure;Europe;(Europe) Norway East;NO-03;Oslo;('AT','BA','BE','BG','CH','CY','CZ','DE','DK-BHM','DK-DK1','DK-DK2','EE','ES','FI','FR','GB','GB-NIR','GR','HR','HU','IE','IS','IT-CNO','IT-CSO','IT-NO','IT-SAR','IT-SIC','IT-SO','LT','LU','LV','NL','NO-NO1','NO-NO2','NO-NO3','NO-NO4','NO-NO5','PL','PT','RO','RS','SE-SE1','SE-SE2','SE-SE3','SE-SE4','SI','SK','TR')
polandcentral;Azure;Europe;(Europe) Poland Central;PL-14;Varsovie;('AT','BA','BE','BG','CH','CY','CZ','DE','DK-BHM','DK-DK1','DK-DK2','EE','ES','FI','FR','GB','GB-NIR','GR','HR','HU','IE','IS','IT-CNO','IT-CSO','IT-NO','IT-SAR','IT-SIC','IT-SO','LT','LU','LV','NL','NO-NO1','NO-NO2','NO-NO3','NO-NO4','NO-NO5','PL','PT','RO','RS','SE-SE1','SE-SE2','SE-SE3','SE-SE4','SI','SK','TR')
ukwest;Azure;Europe;(Europe) UK West;GB-WLS;Cardiff;('AT','BA','BE','BG','CH','CY','CZ','DE','DK-BHM','DK-DK1','DK-DK2','EE','ES','FI','FR','GB','GB-NIR','GR','HR','HU','IE','IS','IT-CNO','IT-CSO','IT-NO','IT-SAR','IT-SIC','IT-SO','LT','LU','LV','NL','NO-NO1','NO-NO2','NO-NO3','NO-NO4','NO-NO5','PL','PT','RO','RS','SE-SE1','SE-SE2','SE-SE3','SE-SE4','SI','SK','TR')
uksouth;Azure;Europe;(Europe) UK South;GB-ENG;Londres;('AT','BA','BE','BG','CH','CY','CZ','DE','DK-BHM','DK-DK1','DK-DK2','EE','ES','FI','FR','GB','GB-NIR','GR','HR','HU','IE','IS','IT-CNO','IT-CSO','IT-NO','IT-SAR','IT-SIC','IT-SO','LT','LU','LV','NL','NO-NO1','NO-NO2','NO-NO3','NO-NO4','NO-NO5','PL','PT','RO','RS','SE-SE1','SE-SE2','SE-SE3','SE-SE4','SI','SK','TR')
swedencentral;Azure;Europe;(Europe) Sweden Central;SE-X;Gävle;('AT','BA','BE','BG','CH','CY','CZ','DE','DK-BHM','DK-DK1','DK-DK2','EE','ES','FI','FR','GB','GB-NIR','GR','HR','HU','IE','IS','IT-CNO','IT-CSO','IT-NO','IT-SAR','IT-SIC','IT-SO','LT','LU','LV','NL','NO-NO1','NO-NO2','NO-NO3','NO-NO4','NO-NO5','PL','PT','RO','RS','SE-SE1','SE-SE2','SE-SE3','SE-SE4','SI','SK','TR')
switzerlandnorth;Azure;Europe;(Europe) Switzerland North;CH-ZH;Zurich;('AT','BA','BE','BG','CH','CY','CZ','DE','DK-BHM','DK-DK1','DK-DK2','EE','ES','FI','FR','GB','GB-NIR','GR','HR','HU','IE','IS','IT-CNO','IT-CSO','IT-NO','IT-SAR','IT-SIC','IT-SO','LT','LU','LV','NL','NO-NO1','NO-NO2','NO-NO3','NO-NO4','NO-NO5','PL','PT','RO','RS','SE-SE1','SE-SE2','SE-SE3','SE-SE4','SI','SK','TR')
southafricanorth;Azure;Afrique – Moyen-Orient;(Africa) South Africa North;ZA-GT;Johannesbourg;('IL','ZA')
uaenorth;Azure;Afrique – Moyen-Orient;(Middle East) UAE North;AE-DU;Dubaï;('IL','ZA')
qatarcentral;Azure;Afrique – Moyen-Orient;(Middle East) Qatar Central;QA-DA;Doha;('IL','ZA')
eastasia;Azure;Asie – Pacifique;(Asia Pacific) East Asia;CN-HK;Hong Kong;('HK','ID','IN-NO','IN-WE','JP-KN','JP-TK','KR','SG','TR','TW')
southeastasia;Azure;Asie – Pacifique;(Asia Pacific) Southeast Asia;SG-01;Singapour;('HK','ID','IN-NO','IN-WE','JP-KN','JP-TK','KR','SG','TR','TW')
australiacentral;Azure;Asie – Pacifique;(Asia Pacific) Australia Central;AU-ACT;Canberra;('HK','ID','IN-NO','IN-WE','JP-KN','JP-TK','KR','SG','TR','TW')
australiaeast;Azure;Asie – Pacifique;(Asia Pacific) Australia East;AU-NSW;Sydney;('HK','ID','IN-NO','IN-WE','JP-KN','JP-TK','KR','SG','TR','TW')
australiasoutheast;Azure;Asie – Pacifique;(Asia Pacific) Australia Southeast;AU-VIC;Melbourne;('HK','ID','IN-NO','IN-WE','JP-KN','JP-TK','KR','SG','TR','TW')
koreacentral;Azure;Asie – Pacifique;(Asia Pacific) Korea Central;KR-11;Séoul;('HK','ID','IN-NO','IN-WE','JP-KN','JP-TK','KR','SG','TR','TW')
centralindia;Azure;Asie – Pacifique;(Asia Pacific) Central India;IN-MH;Pune;('HK','ID','IN-NO','IN-WE','JP-KN','JP-TK','KR','SG','TR','TW')
southindia;Azure;Asie – Pacifique;(Asia Pacific) South India;IN-TN;Madras;('HK','ID','IN-NO','IN-WE','JP-KN','JP-TK','KR','SG','TR','TW')
japaneast;Azure;Asie – Pacifique;(Asia Pacific) Japan East;JP-13;Tokyo;('HK','ID','IN-NO','IN-WE','JP-KN','JP-TK','KR','SG','TR','TW')
japanwest;Azure;Asie – Pacifique;(Asia Pacific) Japan West;JP-27;Osaka;('HK','ID','IN-NO','IN-WE','JP-KN','JP-TK','KR','SG','TR','TW')
